turn_id,speaker,start,stop,utterance,interval,delta,questions,end_question,overlap,n_words,source_rows
0,5de79e713cf27970edc23950,3.26,170.04,Yeah. With you? All right. Yeah. Yeah. This is another one. Yeah. Yeah. Yeah. Yes. Yeah. Yeah. Yeah. Just with that. Yeah. Mhm. Yeah. Hello? Hello? Oh. Mhm. But yeah. Yeah. God. Mhm. Yeah. Yeah. Mhm. All right. Yeah. Mhm. Yeah. Yeah.,,166.78,3,False,False,42,[0]
1,5cf942378da406000127871f,173.24,173.96,well.,3.200000000000017,0.7199999999999989,0,False,False,1,[1]
2,5de79e713cf27970edc23950,173.62,176.36,Okay. Hello?,-0.3400000000000034,2.740000000000009,1,True,True,2,[2]
3,5cf942378da406000127871f,177.04,181.46,Yeah. Mhm drink. Okay. Uh huh.,0.6799999999999784,2.3200000000000216,0,False,False,6,"[3, 5]"
6,5de79e713cf27970edc23950,181.84,182.65,how are you?,0.3799999999999954,0.8100000000000023,1,True,False,3,[6]
7,5cf942378da406000127871f,183.14,184.16,Good. How are you?,0.4899999999999807,1.0200000000000102,1,True,False,4,[7]
8,5de79e713cf27970edc23950,184.04,188.06,Good. Trying to figure this out.,-0.1200000000000045,4.02000000000001,0,False,True,6,[8]
10,5de79e713cf27970edc23950,189.94,194.46,I have my headset on because it's the only way I know that microphone will work.,0.8799999999999955,4.52000000000001,0,False,False,17,[10]
11,5cf942378da406000127871f,194.44,196.46,All right. What?,-0.0200000000000102,2.0200000000000102,1,True,True,3,[11]
12,5de79e713cf27970edc23950,196.84,200.36,So my name's christa. Yeah. Hi.,0.3799999999999954,0.2400000000000091,0,False,False,7,"[12, 14, 16]"
17,5cf942378da406000127871f,199.74,206.85,"Well, there you go. All right. So now what do we do?",-0.6200000000000045,7.109999999999985,1,True,True,12,[17]
18,5de79e713cf27970edc23950,206.54,211.25,I guess talk like we're strangers. Which we are. Where do you live?,-0.3100000000000023,3.740000000000009,0,False,True,14,"[18, 20]"
21,5cf942378da406000127871f,211.74,213.26,"Well, I'm in new york city.",0.4900000000000091,1.5199999999999818,0,False,False,7,[21]
22,5de79e713cf27970edc23950,213.24,216.96,Okay. I'm in uh like an hour from boston.,-0.0199999999999818,3.719999999999999,0,False,True,10,[22]
23,5cf942378da406000127871f,217.24,218.65,Oh cool.,0.2800000000000011,1.4099999999999966,0,False,False,2,[23]
25,5cf942378da406000127871f,220.04,223.46,I like boston. It's a really pretty city.,0.2999999999999829,1.5400000000000205,0,False,False,9,"[25, 27]"
28,5de79e713cf27970edc23950,222.94,225.76,"yeah, that's where I grew up and lived most of my life.",-0.5200000000000102,2.819999999999993,0,False,True,13,[28]
30,5de79e713cf27970edc23950,227.64,230.0,I've only been to new york city like twice.,0.9799999999999898,0.2100000000000079,0,False,False,10,"[30, 32]"
33,5cf942378da406000127871f,230.44,234.46,"Uh No, it's not a good time to visit.",0.4399999999999977,4.02000000000001,0,False,False,10,[33]
34,5de79e713cf27970edc23950,233.94,236.36,"No, not a good time to visit anywhere.",-0.5200000000000102,2.420000000000016,0,False,True,8,[34]
35,5cf942378da406000127871f,236.14,238.96,Mm hmm. Mm hmm.,-0.2200000000000272,2.8200000000000216,0,False,True,4,[35]
36,5de79e713cf27970edc23950,238.84,244.26,So are you home like do you do you work from home or are you not working now,-0.1200000000000045,5.419999999999988,0,False,True,18,[36]
37,5cf942378da406000127871f,244.34,245.96,I'm not working right now.,0.0800000000000125,1.6200000000000043,0,False,False,6,[37]
40,5de79e713cf27970edc23950,246.52,251.55,of the pandemic? Mm. Crazy.,-0.0300000000000011,1.739999999999981,1,True,True,5,"[40, 42]"
46,5de79e713cf27970edc23950,255.24,263.16,"No, I was I was only doing kind of part time stuff anyways and some volunteer things, but it's all it's all over now.",0.4900000000000091,4.829999999999984,0,False,False,26,"[46, 48, 50]"
51,5cf942378da406000127871f,263.24,268.36,Oh boy. Uh huh. Walk. Okay.,0.079999999999984,1.6200000000000043,0,False,False,6,"[51, 53]"
54,5de79e713cf27970edc23950,268.74,270.06,Do you live with anybody else?,0.3799999999999954,1.3199999999999932,1,True,False,6,[54]
55,5cf942378da406000127871f,270.64,272.35,I live with my parents.,0.5799999999999841,1.7100000000000364,0,False,False,5,[55]
56,5de79e713cf27970edc23950,272.24,273.95,Okay. Nice.,-0.1100000000000136,1.7099999999999795,0,False,True,2,[56]
57,5cf942378da406000127871f,273.24,277.16,Yeah. There can be a bit of a handful.,-0.7099999999999795,3.920000000000016,0,False,True,9,[57]
61,5cf942378da406000127871f,280.24,290.95,My boyfriend lives like an hour and a half and like he lives in another part of your city but like it takes like an hour and a half to get there on public transport.,0.2800000000000295,10.70999999999998,0,False,False,35,[61]
62,5de79e713cf27970edc23950,290.84,292.16,"Oh, that's tough.",-0.1100000000000136,1.32000000000005,0,False,True,4,[62]
63,5cf942378da406000127871f,291.54,313.05,Um We've been Skyping because like his farm. Eric has it the worst. Yeah. I'm like afraid if I go over there like because I don't really have it like I am pretty safe and stuff. But like I don't know if I come into contact with someone on the way there. He lives with his parents as well. So like I don't want to infect anyone.,-0.6200000000000045,5.310000000000002,0,False,True,72,"[63, 65, 67]"
68,5de79e713cf27970edc23950,314.14,345.16,"Yeah, that's tough. I've been thinking how like new relationships and stuff aren't being formed at least in person, you know, like people aren't going on first States and they're not like, you know, just normal life stuff that leads to other life stuff. It's weird. Yeah, my um boyfriend and I lived pretty far apart for like four years out of the relationship. We saw each other very once in a while, so now we're together.",1.089999999999975,7.520000000000039,0,False,False,84,"[68, 70, 72, 76, 78]"
79,5cf942378da406000127871f,345.54,346.55,"Yeah, that's",0.3799999999999954,1.009999999999991,0,False,False,3,[79]
84,5de79e713cf27970edc23950,348.44,356.06,"He's still working though. He's a chef at a country club though, so it's actually,",0.8000000000000114,2.009999999999991,0,False,False,18,"[84, 86, 88]"
89,5cf942378da406000127871f,355.74,356.46,"Mm hmm,",-0.3199999999999932,0.7199999999999704,0,False,True,2,[89]
90,5de79e713cf27970edc23950,356.54,380.23,"there's no sense in it. Like they're just being selfish. Like they're not serving the community. They didn't open up the club to like help people coming home from their essential jobs or anything. It's just basically like rich country club people coming to get their fancy steaks, but they technically serve food, so they were able to open under essential business.",0.0800000000000409,2.159999999999968,0,False,False,67,"[90, 92, 94, 96, 98]"
99,5cf942378da406000127871f,379.74,380.36,hang on.,-0.4900000000000091,0.6200000000000045,0,False,True,2,[99]
100,5de79e713cf27970edc23950,380.24,411.16,"Yeah, so that's a little nerve racking him coming back and forth every day. And uh we live in like a condo complex, so it's like It there's probably like 15 buildings and they're all apartments, but like we own ours as a condo. Some people rent one of his co workers in like is in one of the buildings a few down and some there are several people now sick with Covid in that building.",-0.1200000000000045,6.939999999999998,0,False,True,80,"[100, 102, 104, 106, 108, 110]"
111,5cf942378da406000127871f,411.04,412.14,Blue crash.,-0.1200000000000045,1.099999999999966,0,False,True,2,[111]
112,5de79e713cf27970edc23950,411.94,419.16,"So like everybody that's not sick, it's quarantined. The first person that went to the hospital didn't make it back, They passed away.",-0.1999999999999886,7.220000000000027,0,False,True,26,[112]
114,5de79e713cf27970edc23950,420.34,435.46,"It's just crazy. So it's definitely feeling closer like we're knowing more people, like one of his cousins has it, and a couple of co workers, like the father passed away. Somebody else's. Their nephew has it.",-0.0100000000000477,7.400000000000034,0,False,True,41,"[114, 116, 118, 120, 122]"
123,5cf942378da406000127871f,436.54,437.35,Oh man.,1.080000000000041,0.8100000000000023,0,False,False,2,[123]
124,5de79e713cf27970edc23950,437.34,442.15,But I don't know anybody personally yet with it. Yeah.,-0.0100000000000477,2.220000000000028,0,False,True,11,"[124, 126]"
127,5cf942378da406000127871f,442.04,463.14,"My parents best friends had it, but I think they had like a very mild case till they survived. Um I think I like her, like a couple of friends said that they had it, but they're like also arrived. There's one person that only know personally, but like she's part of like a community, like I'm a part of like an improv theater community",-0.1099999999999568,6.6200000000000045,0,False,True,69,"[127, 129]"
132,5de79e713cf27970edc23950,463.18,464.16,"fun, fun.",-0.2799999999999727,0.9800000000000182,0,False,True,2,[132]
133,5cf942378da406000127871f,464.54,466.64,she had it and she was in a coma.,0.3799999999999954,2.099999999999966,0,False,False,9,[133]
137,5cf942378da406000127871f,467.74,469.45,teaching is on the man now.,0.0900000000000318,1.7099999999999795,0,False,False,6,[137]
140,5de79e713cf27970edc23950,471.84,476.55,It's crazy. They're talking more about this inflammatory thing that the kids are getting.,0.079999999999984,4.710000000000036,0,False,False,16,[140]
141,5cf942378da406000127871f,476.64,478.25,Oh my gosh!,0.0899999999999749,1.6100000000000136,0,False,False,3,[141]
142,5de79e713cf27970edc23950,478.04,513.55,"Yeah. I have a 13 year old daughter and for the past few days she has been exhausted, headache, stomachache. So I'm like freaking out taking her temperature like every few hours. I know if I called her doctor they'd be like just bring her such assurances hospital. Like I know she's fine for now. You know what I mean? Like when you make that call, the medical people can't really do anything but tell you to go to the emergency room. So I'm just watching her. If she winds up with a fever anything, I'll take her in. But crazy Kids are a 12 year old had a heart attack a few days ago.",-0.2099999999999795,7.899999999999977,0,False,True,121,"[142, 144, 146, 148, 150]"
151,5cf942378da406000127871f,513.34,515.56,"Oh, there you go.",-0.2099999999999227,2.2199999999999136,0,False,True,4,[151]
152,5de79e713cf27970edc23950,515.24,541.36,"Yeah, it's like they're finding these are kids that like, have had coronavirus and got over it with no symptoms and then a few weeks later their body has this inflammatory response and they're like, their blood vessels are getting inflamed there, there, haven't getting like, heart damage, heart attacks. Um Like their their feet, hands and feet are swelling up. It's so crazy.",-0.3199999999999363,6.419999999999959,0,False,True,69,"[152, 154, 156, 158, 162]"
163,5cf942378da406000127871f,541.74,542.71,Oh man.,0.3799999999999954,0.9700000000000272,0,False,False,2,[163]
166,5de79e713cf27970edc23950,542.87,551.76,"time they think they know about about what's going on, they don't still figuring it out, I guess.",-0.1799999999999499,5.590000000000032,0,False,True,20,"[166, 168]"
169,5cf942378da406000127871f,551.44,561.67,That's the thing with respiratory diseases because I know there's like this broadway actor that was in a coma and then he lost a leg from curl now because,-0.3199999999999363,10.229999999999905,0,False,True,31,[169]
172,5de79e713cf27970edc23950,561.88,562.76,yes.,-0.6000000000000227,0.8799999999999955,0,False,True,1,[172]
173,5cf942378da406000127871f,562.49,565.36,just something you're breathing. It's all over the body.,-0.2699999999999818,2.8700000000000045,0,False,True,11,[173]
174,5de79e713cf27970edc23950,565.74,568.96,"Yeah, I guess so. Mhm. Let her know.",0.3799999999999954,3.220000000000028,0,False,False,8,[174]
175,5cf942378da406000127871f,568.74,569.55,Mm hmm.,-0.2200000000000272,0.8099999999999454,0,False,True,2,[175]
176,5de79e713cf27970edc23950,568.97,570.35,So you improv.,-0.5799999999999272,1.3799999999999957,0,False,True,3,[176]
177,5cf942378da406000127871f,571.24,572.86,"Yeah, I do improv",0.8899999999999864,1.6200000000000043,0,False,False,4,[177]
178,5de79e713cf27970edc23950,572.74,613.56,"That's fun. I took theater like in college, I always wanted to get back into it, I have some physical disabilities. Um but maybe someday when like, I don't have any other responsibilities, but it was so much fun. I was always so, so shy growing up and that definitely helped me like but started out the directors weren't having it there like nobody can hear you. So she I remember the first rehearsal, she we were like in a big auditorium every week and she like pushed on my stomach, she had me yell as hard as I could and then she me with her fist across the room to get my like diaphragm out I guess.",-0.1200000000000045,1.0199999999999818,0,False,True,121,"[178, 180, 182, 184, 186, 188, 190, 192, 194, 196, 198, 200, 204, 206]"
207,5cf942378da406000127871f,613.54,614.35,No.,-0.0199999999999818,0.8100000000000591,0,False,True,1,[207]
208,5de79e713cf27970edc23950,614.14,615.36,"Oh yeah, that was fun.",-0.2100000000000363,1.2200000000000273,0,False,True,5,[208]
210,5de79e713cf27970edc23950,617.44,619.15,Do you do plays and stuff?,-0.2699999999999818,1.7099999999999227,1,True,True,6,[210]
211,5cf942378da406000127871f,619.44,636.36,"Um I was just thinking like in high school, I was one of the only people that didn't need a mic for like when I was in the play because like they said like you can, you can project your voice, you don't need one. Oh, good.",0.2900000000000773,7.789999999999964,0,False,False,49,"[211, 213, 215]"
216,5de79e713cf27970edc23950,635.84,636.76,They got off,-0.5199999999999818,0.9199999999999592,0,False,True,3,[216]
217,5cf942378da406000127871f,636.94,651.85,"Yeah, I don't know. I mean, mhm. Like I would listen to myself on a videotape afterwards. I'm like, yeah, but you can like hear that I'm not wearing a microphone, like you can. Uh",0.1800000000000636,1.3099999999999454,0,False,False,38,"[217, 219, 221]"
222,5de79e713cf27970edc23950,651.54,652.76,"The difference, Yeah.",-0.3100000000000591,1.2200000000000273,0,False,True,3,[222]
224,5de79e713cf27970edc23950,654.74,657.16,Do you sing at all? Do you like doing musicals?,0.2000000000000454,2.419999999999959,2,True,False,10,[224]
225,5cf942378da406000127871f,657.14,683.97,"Um I was part of musical improv for a while, but I think I got burned out by that. That's tough because it's like song structures. So you think it's a okay. So I just say of course now I got to like think of four lines for a song. Uh course, this is so much easier because you could just like say the same thing over and over and you're like, good. That's of course. All",-0.0199999999999818,3.810000000000059,0,False,True,82,"[225, 227, 229, 231, 233]"
236,5de79e713cf27970edc23950,684.23,687.92,Yeah. You'd have to be very musically inclined I guess to,-0.1299999999999954,3.689999999999941,0,False,True,12,[236]
237,5cf942378da406000127871f,687.74,688.16,Yes.,-0.1799999999999499,0.4199999999999591,0,False,True,1,[237]
238,5de79e713cf27970edc23950,687.92,689.55,do improv like that.,-0.2400000000000091,1.6299999999999957,0,False,True,4,[238]
239,5cf942378da406000127871f,690.14,709.19,"I mean, like, you don't really need to be like, be a good thing. I knew one guy that like, I think we had to like help him out because like, he was just like doing like this and he was like, just talking well, what kind of things? Like? All right, can you get you like on rhythm at least all one note.",0.5900000000000318,11.870000000000005,0,False,False,65,"[239, 241, 243]"
244,5de79e713cf27970edc23950,708.94,709.15,No,-0.25,0.2099999999999227,0,False,True,1,[244]
245,5cf942378da406000127871f,709.19,743.86,"But I was like, okay. Uh uh huh. No, but like um all the people that going to like be on house teams, they were like really good singers, but not like all of them. They're like some like holy cow, what are you doing here? Yeah. Um yeah, I do more regular improv. I'm part of a Indy team called Who Prov We do do like um improvised episodes of Doctor Who.",0.0400000000000773,3.059999999999945,0,False,False,75,"[245, 247, 249, 251, 253, 255, 257]"
258,5de79e713cf27970edc23950,744.04,746.86,Oh really? That's one.,0.1799999999999499,1.0199999999999818,1,True,False,5,"[258, 260]"
261,5cf942378da406000127871f,746.82,763.81,"I may say I am part of it, but we haven't had a show in over a year. Like the woman who sets it up, like she's the one who came up with like the whole group and everything. She's also part of a group that's um they do improvised",-0.0399999999999636,5.139999999999986,0,False,True,54,"[261, 263]"
264,5de79e713cf27970edc23950,762.84,763.02,no.,-0.9699999999999136,0.1799999999999499,0,False,True,1,[264]
265,5cf942378da406000127871f,763.82,773.85,"musical improv, like like musical improv about star trek. So she's got like, yeah, well working full time. So they're just like, okay,",0.8000000000000682,5.349999999999909,0,False,False,25,"[265, 267]"
268,5de79e713cf27970edc23950,775.04,776.15,that's fun.,1.1899999999999409,1.1100000000000136,0,False,False,3,[268]
269,5cf942378da406000127871f,776.15,777.26,design now.,0.0,1.1100000000000136,0,False,False,2,[269]
271,5cf942378da406000127871f,782.14,786.75,"Well, we still keep in touch on what's up? Yeah. Yeah.",2.080000000000041,4.610000000000014,1,False,False,12,[271]
272,5de79e713cf27970edc23950,786.94,795.68,That's a good site. Yeah. A couple of my friends who living like California and china who I don't talk too much like I'm talking,0.1900000000000545,1.2199999999999136,0,False,False,28,"[272, 274, 276]"
277,5cf942378da406000127871f,795.34,795.66,What?,-0.3399999999999181,0.3199999999999363,1,True,True,1,[277]
278,5de79e713cf27970edc23950,795.68,798.95,to them so much more now because everybody's just home.,0.0199999999999818,3.2700000000000955,0,False,False,11,[278]
281,5cf942378da406000127871f,801.94,806.05,a few weeks ago I had a tea party on Skype.,0.7800000000000864,4.1099999999999,0,False,False,11,[281]
282,5de79e713cf27970edc23950,806.14,806.95,No fun.,0.0900000000000318,0.8100000000000591,0,False,False,2,[282]
283,5cf942378da406000127871f,807.24,815.16,"Yeah, that was often I invited a few friends rather than like my cousin lives in California, we got to do that again.",0.2899999999999636,5.220000000000027,0,False,False,23,"[283, 285]"
286,5de79e713cf27970edc23950,815.04,816.96,"Nice. Yeah, that's a good idea.",-0.1200000000000045,1.9200000000000728,0,False,True,7,[286]
288,5de79e713cf27970edc23950,818.04,819.15,Got to do something.,0.3799999999999954,1.1100000000000136,0,False,False,4,[288]
290,5de79e713cf27970edc23950,821.44,851.26,"My friend and calif, he's in san Francisco and they were like, I feel like one of the very first places that got the full lockdown, his attitude to change so much. Like the first time I talked to him about it, he was like oh this is nothing there always pumping everything up. Like remember I had the swine flu and I'm just fine and blah blah blah like two weeks later he's sending me messages like if I never see you again, thank you for being my friend, I love you. So ah like oh my goodness shaking.",1.1800000000000637,3.849999999999909,0,False,False,103,"[290, 292, 294, 296, 298, 300, 302, 304, 306]"
310,5de79e713cf27970edc23950,852.54,857.28,But they really locked everything down I guess. They know the like funky population,-0.32000000000005,2.7100000000000364,0,False,True,14,"[310, 312]"
313,5cf942378da406000127871f,857.24,857.42,I'm,-0.0399999999999636,0.1799999999999499,0,False,True,2,[313]
314,5de79e713cf27970edc23950,857.28,866.81,in san Francisco is gonna just be dancing in the streets anyways they really locked everything down like they weren't able to even go to the store for a while. They,-0.1399999999999863,0.3700000000000045,0,False,True,33,"[314, 316, 320]"
321,5cf942378da406000127871f,866.14,866.95,mm hmm.,-0.6699999999999591,0.8100000000000591,0,False,True,2,[321]
322,5de79e713cf27970edc23950,866.82,870.67,um National Guard or whatever it was coming by and handed out food,-0.1299999999999954,3.159999999999968,0,False,True,13,"[322, 324]"
325,5cf942378da406000127871f,870.41,870.66,no.,-0.2599999999999909,0.25,0,False,True,1,[325]
326,5de79e713cf27970edc23950,870.67,879.25,"and they boarded up like all the stores they didn't want to get vandalized so everything was boarded up like you couldn't even see windows, no doors, no nothing.",0.0099999999999909,8.580000000000041,0,False,False,31,[326]
331,5cf942378da406000127871f,882.44,913.55,"No, one of the people here, my dad's a mailman. So he still works. He said that last weekend. It was so nice. He saw people outside, no masks or anything. We'll make sure people in the Lower East side who are doing the same thing. Just like I haven't seen my boyfriend's in two months. I need selfish. Oh and the barking out the window,",-0.099999999999909,0.4199999999999591,0,False,True,70,"[331, 333, 335, 337, 339, 341]"
346,5de79e713cf27970edc23950,915.67,918.16,"little guy's sitting right on my lap there he is,",-0.1800000000000636,2.0300000000000864,0,False,True,11,"[346, 348]"
349,5cf942378da406000127871f,918.41,921.46,my goodness.,0.25,3.050000000000068,0,False,False,2,[349]
351,5cf942378da406000127871f,923.24,924.46,"No, it's weird.",0.8899999999999864,1.2200000000000273,0,False,False,4,[351]
352,5de79e713cf27970edc23950,924.54,926.06,No he's a good guy.,0.0799999999999272,1.5199999999999818,0,False,False,6,[352]
353,5cf942378da406000127871f,925.54,928.25,"Oh, look,",-0.5199999999999818,2.7100000000000364,0,False,True,2,[353]
356,5de79e713cf27970edc23950,929.78,956.56,it's crazy the people that aren't you know there's all these people like protesting and I saw pictures a couple of weeks ago they were at the statehouse with rifles and like full military gear like what is your problem? Go find yourself It really is. So like I understand want to get back. But what like what are you going to do? This is the situation,-0.1600000000000818,0.8300000000000409,0,False,True,70,"[356, 358, 360, 362, 364, 366, 368, 372, 376, 378]"
379,5cf942378da406000127871f,956.24,956.56,"Mm,",-0.3199999999999363,0.3199999999999363,0,False,True,1,[379]
380,5de79e713cf27970edc23950,956.56,958.75,we're in. deal with it.,0.0,0.4900000000000091,0,False,False,6,"[380, 384]"
385,5cf942378da406000127871f,959.04,971.22,"Yeah, it's terrible like people protesting without mask. Then I saw an article that allow those people in Wisconsin ended up with the coronavirus after",0.2899999999999636,3.009999999999991,0,False,False,26,"[385, 387, 389]"
392,5de79e713cf27970edc23950,971.69,1006.66,"I'm sure they did. I've heard so many stories of people. There was one group of college kids that went out on purpose like defiantly like we're going to go in the group and we're gonna go out because it doesn't matter. And then the next week one of the girls got very sick and posted a new video like, please, I'm so sorry take this seriously. I know there have been a few different like priests, pastors, like church leaders that were like very adamant, um, uh, you know against the restrictions and a couple now from coronavirus Crazy.",-0.6699999999999591,5.829999999999927,0,False,True,107,"[392, 394, 396, 398, 400, 402, 404, 406, 408, 414]"
415,5cf942378da406000127871f,1006.04,1006.46,When?,-0.6200000000000045,0.4200000000000727,1,True,True,1,[415]
416,5de79e713cf27970edc23950,1007.44,1025.02,"You just don't, don't do what you gotta do. I guess there's still people around here like going into like, um, we have like a merry, a coffee shop in like a 7 11 people are still walking right in without masks. Like they're huge signs on the door. And then like, what are the cashier is supposed to do? Like get into arguments",0.9800000000000182,8.719999999999914,0,False,False,69,"[416, 418, 420, 422]"
423,5cf942378da406000127871f,1024.64,1025.17,mm,-0.3799999999998817,0.5299999999999727,0,False,True,1,[423]
424,5de79e713cf27970edc23950,1025.02,1026.26,all day long with these people.,-0.1500000000000909,1.240000000000009,0,False,True,6,[424]
425,5cf942378da406000127871f,1026.24,1026.96,you know,-0.0199999999999818,0.7200000000000273,0,False,True,2,[425]
426,5de79e713cf27970edc23950,1027.14,1032.45,"It's not right because they're just saying like, I don't care about you. I don't care about anybody else that comes in here.",0.1800000000000636,3.099999999999909,0,False,False,27,"[426, 428]"
429,5cf942378da406000127871f,1032.04,1034.05,War exactly.,-0.4100000000000818,2.009999999999991,0,False,True,2,[429]
430,5de79e713cf27970edc23950,1033.24,1035.77,It's not right. Not good.,-0.8099999999999454,2.5299999999999727,0,False,True,6,[430]
432,5de79e713cf27970edc23950,1037.24,1048.77,But we're getting so many mixed messages from like the government and you nobody can get along so people don't know what to do.,0.6800000000000637,5.4500000000000455,0,False,False,26,"[432, 436]"
437,5cf942378da406000127871f,1048.74,1062.93,"Uh huh Yeah, I don't like, I know the president wants to open up churches. I'm like, I mean I would love to go to church again, but it's it's not safe especially because like I'm a part of like kind of a big church.",-0.0299999999999727,14.190000000000056,0,False,True,50,[437]
440,5de79e713cf27970edc23950,1063.14,1064.06,Mm hmm.,-0.5199999999999818,0.9199999999998454,0,False,True,2,[440]
441,5cf942378da406000127871f,1064.34,1072.17,"like as soon as this thing started coming into shape, it was like, you know, the church isn't online now, I could just live stream in it.",0.2799999999999727,7.830000000000155,0,False,False,28,[441]
442,5de79e713cf27970edc23950,1072.84,1108.46,"Yeah. I know. My church has already made the decision to hold off at least until july because it's like, how are you going to really work that be like, oh, we're open. But less than half of you can come like, what do you have a sign up sheet? Like, okay, you can come this week and you can come the next week and my church is super old. It's actually the second oldest church in the entire nation. And a lot of the people that go there look like they've been there sensitively. Like we have a very large elderly population. So I already feel scared like how many people are not going to be there when we go back.",0.6699999999998454,0.4800000000000182,0,False,False,126,"[442, 444, 446, 448, 450, 452, 454, 456, 458, 460, 462]"
463,5cf942378da406000127871f,1108.84,1109.95,Oh man.,0.3799999999998817,1.110000000000127,0,False,False,2,[463]
464,5de79e713cf27970edc23950,1109.54,1117.12,"You know, like there are so many really old people at the church. So there's, they can't figure that out. How are they going to work that out? They",-0.4100000000000818,1.1300000000001091,0,False,True,31,"[464, 466, 468]"
469,5cf942378da406000127871f,1117.04,1117.46,Gina,-0.0799999999999272,0.4200000000000727,0,False,True,1,[469]
470,5de79e713cf27970edc23950,1117.12,1126.67,"can't keep people six ft away the whole time. Like that would, it just wouldn't work. So I guess on a nice day people could do outside.",-0.3400000000001455,7.080000000000155,0,False,True,29,"[470, 472]"
473,5cf942378da406000127871f,1127.74,1143.17,"Yeah. I think my parents friends said that they wanted to do that because they have like a backyard, they could put it in, but it's just like that's gonna work when the weather's nice. You still have this in the fall, I don't know what you guys do.",1.0699999999999363,10.1099999999999,0,False,False,54,"[473, 475]"
476,5de79e713cf27970edc23950,1141.74,1150.16,"Yeah. With, with everybody's six ft apart, you're gonna need like quite the Yeah, it's just tough.",-1.4300000000000637,3.1400000000001,0,False,True,21,"[476, 478, 482]"
486,5de79e713cf27970edc23950,1155.06,1157.06,type of work were you doing before?,0.1199999999998908,2.0,1,True,False,7,[486]
487,5cf942378da406000127871f,1157.04,1162.77,Well I was working at the box office in the bar at the improv theater.,-0.0199999999999818,2.759999999999991,0,False,True,15,"[487, 489]"
490,5de79e713cf27970edc23950,1162.74,1164.17,"Oh nice, that's",-0.0299999999999727,1.4300000000000637,0,False,True,4,[490]
493,5cf942378da406000127871f,1165.04,1242.86,"I guess now there was a joke that like we're not like a lot of the most popular improv theater in new york city, like the magnet theater because um under what was it called? I'm so used to calling you C. B. Under underground citizens brigade was like the big one, it was like the Harvard of improv and and they closed because and I guess as soon as this thing came into action, the magnet theater automatically went online. And like if you have a dollar or two, you can donate to the theater blah blah UCB did none of that. So I fired all their employees. And then like a month ago we heard that they just closed. Yeah, they have been like they moved to a larger theater in Manhattan, like in a more expensive neighborhood. So it was, it was already was like, it was not very wise. We've got people were saying that. So it was not what's not all those people will be coming to Magna Theater when it's we opened up and they have online classes too. So like I'm getting some money.",0.2699999999999818,20.519999999999985,1,False,False,197,"[493, 495, 497, 499, 501, 503, 505, 507, 509, 511]"
512,5de79e713cf27970edc23950,1242.94,1257.55,"Right. Yeah, a lot of businesses I know it just shut down completely, they're not planning to reopen because they can't and although even the restaurants like they're trying to open restaurants at like 40% capacity, that's not going to work",0.0800000000001546,5.940000000000055,0,False,False,45,"[512, 514, 516, 518]"
519,5cf942378da406000127871f,1257.74,1258.46,When?,0.1900000000000545,0.7200000000000273,1,True,False,1,[519]
520,5de79e713cf27970edc23950,1258.34,1281.96,"because the, you know like the waiters and waitresses won't make enough tips, you know? And the whole restaurant like as far not that I know restaurant business but as far as I do know like you need that business and money to constantly flow in to keep paying your people and by the meat and all that and I don't know how any of that is going to work plus you can't eat with a face mask on",-0.1200000000001182,3.930000000000064,0,False,True,82,"[520, 522, 524, 526, 528, 530]"
531,5cf942378da406000127871f,1282.34,1283.86,"No, you really can't",0.3799999999998817,1.5199999999999818,0,False,False,5,[531]
532,5de79e713cf27970edc23950,1283.94,1285.31,so I don't know what people,0.0800000000001546,1.3699999999998909,0,False,False,7,[532]
533,5cf942378da406000127871f,1285.04,1285.44,for the,-0.2699999999999818,0.4000000000000909,0,False,True,2,[533]
534,5de79e713cf27970edc23950,1285.31,1286.06,are going to count.,-0.1300000000001091,0.2100000000000363,0,False,True,4,"[534, 536]"
537,5cf942378da406000127871f,1285.63,1291.76,cream truck going by and it's just like who's buying ice cream?,-0.4299999999998363,1.6299999999998818,0,False,True,14,"[537, 539]"
540,5de79e713cf27970edc23950,1291.14,1297.27,"Yeah. Oh no. Yeah. Yes. They're just hoping somebody will be out there,",-0.6199999999998909,6.129999999999882,0,False,True,14,[540]
541,5cf942378da406000127871f,1297.04,1308.55,"Yeah, I guess I guess you're like, you buy, they can buy a milkshake and like take it inside your house. Like I don't really get it",-0.2300000000000182,1.150000000000091,0,False,True,29,"[541, 543, 545]"
546,5de79e713cf27970edc23950,1308.84,1317.15,"it's weird what is and isn't in stock at the grocery store, it's like every week there's like no froze, like there's no frozen",0.2899999999999636,0.6900000000000546,0,False,False,29,"[546, 548, 550, 552, 554]"
555,5cf942378da406000127871f,1316.84,1317.17,what?,-0.3100000000001728,0.3300000000001546,1,True,True,1,[555]
556,5de79e713cf27970edc23950,1317.15,1329.56,"pizza, there's no like frozen french fries, but there's always plenty of bread. So it's weird. It's like they keep restocking the bread. I haven't seen one roll of toilet paper at stop and shop in two months,",-0.0199999999999818,2.7999999999999545,0,False,True,43,"[556, 558]"
559,5cf942378da406000127871f,1329.64,1330.77,Oh man.,0.0800000000001546,1.1299999999998818,0,False,False,2,[559]
560,5de79e713cf27970edc23950,1330.94,1343.46,"so I don't know where it's going. It's weird because I was in boston um and went into Walgreens and they had tons of toilet paper, but out here, which is considered like a little suburban town, there's",0.1700000000000727,4.740000000000009,0,False,False,42,"[560, 562, 564]"
567,5cf942378da406000127871f,1343.64,1345.96,hmm. Oh wow.,-0.8199999999999363,2.3199999999999363,0,False,True,3,[567]
568,5de79e713cf27970edc23950,1345.64,1348.85,I would think it would be the opposite. But I don't know.,-0.3199999999999363,3.209999999999809,0,False,True,13,[568]
569,5cf942378da406000127871f,1350.14,1366.86,"I was wondering why people were buying so many toilet paper rolls. And then I remember a few weeks ago I started saying like this whole trend like people are trying to like get their dogs to jump over the large amount of toilet paper rolls. Like, okay, that's when you guys are doing with Get your dog to do tricks.",1.290000000000191,13.149999999999864,0,False,False,62,"[569, 573]"
574,5de79e713cf27970edc23950,1367.44,1375.22,mm Most stores seem to have a limit now like to two packages of whatever paper product,0.5800000000001546,4.619999999999891,0,False,False,17,"[574, 576]"
577,5cf942378da406000127871f,1374.64,1375.45,Why?,-0.5799999999999272,0.8099999999999454,1,True,True,1,[577]
578,5de79e713cf27970edc23950,1375.23,1380.27,at a time and all the stores. The change that you know that the hours are all changed,-0.2200000000000272,5.039999999999964,0,False,True,18,[578]
579,5cf942378da406000127871f,1380.54,1380.95,Where?,0.2699999999999818,0.4100000000000818,1,True,False,1,[579]
580,5de79e713cf27970edc23950,1380.74,1395.05,when we go to the grocery store like you have you go in one door and then there are the little arrows on the floor that you're supposed to follow and I always have somebody else like with no mask talking right in my face going the wrong way. I'm,-0.2100000000000363,6.960000000000036,0,False,True,52,"[580, 582, 584]"
587,5cf942378da406000127871f,1395.43,1398.36,"yeah, it's terrible.",-0.7400000000000091,2.9299999999998363,0,False,True,4,[587]
592,5de79e713cf27970edc23950,1400.54,1426.67,"that's the weird thing that you're seeing about like America you know land of the free and ridiculous because we're so free here which is so wonderful. Citizens are like we're gonna do what I want to do, I'm not gonna listen to you. Whereas in other countries that normally those are not places you want to live that are like very totalitarian and all that. Like they locked it down that everybody listened and now they're good so",-0.1200000000001182,6.720000000000027,0,False,True,87,"[592, 594, 596, 598, 600, 602, 604]"
605,5cf942378da406000127871f,1426.24,1433.45,"Yeah. Greenland had 11 cases. That's it. 11 cases. They all survived. They don't,",-0.4300000000000636,2.930000000000064,0,False,True,16,"[605, 607, 609]"
610,5de79e713cf27970edc23950,1433.66,1434.85,that's crazy.,0.2100000000000363,1.1899999999998272,0,False,False,3,[610]
611,5cf942378da406000127871f,1434.14,1436.66,why can't we do that?,-0.709999999999809,2.519999999999982,1,True,True,6,[611]
612,5de79e713cf27970edc23950,1437.24,1449.77,"Well I know yeah like places like Singapore, like they shut everything down, nobody left their house for two weeks. Everybody listened. Nobody complained. They have like three deaths and nothing's come back. Since then",0.5799999999999272,0.2799999999999727,0,False,False,36,"[612, 614, 616, 618]"
619,5cf942378da406000127871f,1451.34,1453.56,It's ridiculous.,1.5699999999999363,2.220000000000028,0,False,False,3,[619]
620,5de79e713cf27970edc23950,1453.34,1457.66,"we are so far past any other country, like I'm just not getting that.",-0.2200000000000272,4.320000000000164,0,False,True,15,[620]
622,5de79e713cf27970edc23950,1458.74,1480.77,"Like I understand that apparently trump or whatever was being warned and not listening. Big surprise. Um but besides any other political whatever, we can't have been that much more ill prepared than everybody else like in the whole rest of the world, like nobody has even close to the number of cases that we do. I don't know,",0.9600000000000364,7.529999999999973,0,False,False,61,"[622, 624, 626]"
627,5cf942378da406000127871f,1480.84,1481.77,Interdict this.,0.0699999999999363,0.9300000000000636,0,False,False,2,[627]
630,5de79e713cf27970edc23950,1482.37,1482.58,don't,-0.0500000000001819,0.2100000000000363,0,False,True,2,[630]
633,5cf942378da406000127871f,1482.66,1492.94,"we heard it. Will they reopen? So they, because I think they have like their own version of trump down there and like they've been the cases keep growing like",-0.1299999999998817,0.3099999999999454,0,False,True,31,"[633, 635]"
638,5de79e713cf27970edc23950,1495.84,1502.2,"Yeah, yep. We'll see. Like I've been dying to get back in the pool and the hot tub.",2.480000000000018,2.450000000000045,0,False,False,20,"[638, 640]"
641,5cf942378da406000127871f,1501.74,1502.67,no longer.,-0.4600000000000364,0.9300000000000636,0,False,True,2,[641]
642,5de79e713cf27970edc23950,1502.21,1525.76,"I have a membership to a gym and that's the best thing again I have, like, I use a role later to walk around and stuff being in the water, the pool and the hot tub is like the best place for me ever. And as much as I want to get back into it when they reopened, I'm probably going to give it a while, like let the people that don't have anything to lose, go try it all out, you know?",-0.4600000000000364,2.240000000000009,0,False,True,86,"[642, 644, 648, 650, 652, 654]"
656,5de79e713cf27970edc23950,1527.44,1537.76,"And then I'll see if people aren't getting sick and then I'll go back. But I don't know. And I wonder even with the gyms, like are they ever going to reopen like pools?",1.1900000000000546,1.5599999999999454,0,False,False,38,"[656, 658]"
659,5cf942378da406000127871f,1537.44,1539.45,I don't know.,-0.3199999999999363,2.009999999999991,0,False,True,4,[659]
660,5de79e713cf27970edc23950,1538.74,1549.27,"You can't like social distance. I mean the water is chemically treated, do you really want to be in like a people's soup?",-0.7100000000000364,4.990000000000009,0,False,True,25,"[660, 664, 666]"
667,5cf942378da406000127871f,1549.24,1558.96,"Yeah. Um I think like I heard I'm not really like Georgia like they reopened the bowling alleys. I'm like, why have all placed? Would you open the bowling alley?",-0.0299999999999727,1.7100000000000364,0,False,True,32,"[667, 669]"
670,5de79e713cf27970edc23950,1559.04,1567.95,"yeah. The things they reopened were like nail salons, barbershops, all the things that you have to have like direct person to person contact. So,",0.0799999999999272,3.8099999999999454,0,False,False,25,"[670, 672]"
673,5cf942378da406000127871f,1567.54,1569.65,"Yeah, like",-0.4100000000000818,2.110000000000128,0,False,True,2,[673]
676,5de79e713cf27970edc23950,1570.94,1572.06,I'm not sure what's going,-0.5099999999999909,1.1199999999998909,0,False,True,7,[676]
679,5cf942378da406000127871f,1572.16,1572.27,know?,-0.0699999999999363,0.1099999999998999,1,True,True,1,[679]
680,5de79e713cf27970edc23950,1572.23,1581.36,"down there, but, and then even a lot of the other plans, most of the States, you know, they're reopen their reopening more and more businesses, but they're not reopening the schools.",-0.0399999999999636,9.129999999999882,0,False,True,34,[680]
681,5cf942378da406000127871f,1581.84,1582.67,Mm hmm.,0.4800000000000182,0.8300000000001546,0,False,False,2,[681]
682,5de79e713cf27970edc23950,1582.24,1586.05,What are they expecting all the parents to do that have been home with their kids the whole time.,-0.4300000000000636,3.059999999999945,0,False,True,19,"[682, 684]"
685,5cf942378da406000127871f,1587.14,1587.86,mm hmm.,1.0900000000001455,0.7199999999997999,0,False,False,2,[685]
686,5de79e713cf27970edc23950,1587.54,1591.62,Like now a lot of parents are going to have to just decline going back to work,-0.3199999999999363,4.079999999999927,0,False,True,17,[686]
687,5cf942378da406000127871f,1591.54,1592.17,Where?,-0.0799999999999272,0.6300000000001091,1,True,True,1,[687]
688,5de79e713cf27970edc23950,1591.63,1600.36,"I assume because there's nowhere to put the kids. Yeah. And they're even talking like about the new normal, like what school going to look like in the fall.",-0.5399999999999636,2.7199999999998,0,False,True,31,"[688, 690]"
691,5cf942378da406000127871f,1600.04,1600.78,Yes. Movement.,-0.3199999999999363,0.7400000000000091,0,False,True,2,[691]
692,5de79e713cf27970edc23950,1600.94,1607.77,I don't think it's going to go back to what it was. That's for sure. So we'll have to see. It's crazy,0.1600000000000818,3.4199999999998454,0,False,False,27,"[692, 694, 696]"
697,5cf942378da406000127871f,1607.74,1608.95,Uh huh. Thanks.,-0.0299999999999727,1.2100000000000364,0,False,True,3,[697]
698,5de79e713cf27970edc23950,1609.44,1617.76,"how much jelly bean, chihuahua just sits on me all day long",0.4900000000000091,1.6199999999998909,0,False,False,12,"[698, 702]"
703,5cf942378da406000127871f,1618.04,1622.77,"Oh yeah, I'm sure my talks with that. I'm here all the time now.",0.2799999999999727,4.730000000000018,0,False,False,16,[703]
705,5cf942378da406000127871f,1624.04,1627.96,Follow me around. Like she's still here,0.1800000000000636,3.9200000000000728,0,False,False,8,[705]
706,5de79e713cf27970edc23950,1627.24,1630.86,Oh were you not there before this all happened?,-0.7200000000000273,3.619999999999891,1,True,True,9,[706]
707,5cf942378da406000127871f,1630.84,1633.85,because I was always going out to improv shows,-0.0199999999999818,3.009999999999991,0,False,True,9,[707]
710,5de79e713cf27970edc23950,1634.55,1637.39,right right. So like you're just home all the time now?,0.0599999999999454,0.9700000000000272,0,False,False,12,"[710, 712]"
715,5cf942378da406000127871f,1640.94,1654.72,"it's interesting like um I never, I'm talking with my boyfriend because like he loves the dogs of course. So they killed like he'll be talking to them will be howling at the screen, let's troll back.",1.6000000000001364,11.5,0,False,False,41,"[715, 717]"
718,5de79e713cf27970edc23950,1654.54,1654.91,That's,-0.1800000000000636,0.3700000000001182,0,False,True,2,[718]
721,5cf942378da406000127871f,1655.34,1657.96,"you're I'm like, where is it coming from?",-0.0099999999999909,2.6200000000001182,1,True,True,10,[721]
722,5de79e713cf27970edc23950,1657.64,1663.86,"right there, totally That's What type of dogs are they?",-0.3199999999999363,1.3099999999999454,0,False,True,11,"[722, 726, 730]"
731,5cf942378da406000127871f,1664.14,1671.77,Uh well Puccini is a papi in and max is a happy in chihuahua mix.,0.2800000000002001,5.279999999999973,0,False,False,15,"[731, 733]"
734,5de79e713cf27970edc23950,1671.44,1674.81,Oh so fluffy. Right and fluffy,-0.3299999999999272,1.8299999999999272,0,False,True,6,"[734, 736]"
737,5cf942378da406000127871f,1674.84,1677.66,you're small and have like a love hair on the air,0.0299999999999727,0.2000000000000454,0,False,False,12,"[737, 739, 741]"
742,5de79e713cf27970edc23950,1677.71,1678.96,Yeah cute,0.0499999999999545,1.25,0,False,False,2,[742]
743,5cf942378da406000127871f,1679.24,1681.06,Cheney to show him off.,0.2799999999999727,1.8199999999999363,0,False,False,5,[743]
745,5cf942378da406000127871f,1682.14,1682.5,Thank you.,-0.209999999999809,0.3599999999998999,0,False,True,2,[745]
746,5de79e713cf27970edc23950,1682.36,1683.27,I like that name.,-0.1400000000001,0.910000000000082,0,False,True,4,[746]
747,5cf942378da406000127871f,1683.84,1706.66,"My dad picked it up. Yeah, come here now, you got me under the table. Oh, this is my papi in.",0.5699999999999363,2.820000000000164,0,False,False,21,"[747, 749, 751]"
752,5de79e713cf27970edc23950,1706.44,1710.17,Oh my goodness I love the ears. So cute.,-0.2200000000000272,2.730000000000018,0,False,True,9,"[752, 754]"
757,5cf942378da406000127871f,1712.14,1715.77,"He's like, I hear a voice but I don't see any way",-0.1299999999998817,3.6299999999998818,0,False,True,14,[757]
758,5de79e713cf27970edc23950,1715.44,1719.7,that's funny. So,-0.3299999999999272,4.259999999999991,0,False,True,4,[758]
759,5cf942378da406000127871f,1719.44,1719.73,look at,-0.2599999999999909,0.2899999999999636,0,False,True,2,[759]
762,5de79e713cf27970edc23950,1720.02,1750.83,"our little chihuahua was like I don't know he has issues. We got him from the shelter like a year and a half ago The day we brought him home I got bit in the face four times it's like this is gonna be a problem. So it's been a long journey of love and patience and he's so much better now but still like with other dogs he he said he only weighs £8. And if he sees any other dog like out in the world, it doesn't matter if they're like £300 he goes crazy. He",0.0699999999999363,4.089999999999918,0,False,False,107,"[762, 764, 766, 768, 770, 772, 774, 776, 778, 780]"
781,5cf942378da406000127871f,1750.74,1751.16,What?,-0.0899999999999181,0.4200000000000727,1,True,True,1,[781]
782,5de79e713cf27970edc23950,1750.83,1752.17,"doesn't even bark, he's like",-0.3300000000001546,1.3400000000001455,0,False,True,7,[782]
783,5cf942378da406000127871f,1754.54,1756.06,"Oh my God, that's",2.369999999999891,1.5199999999999818,0,False,False,5,[783]
784,5de79e713cf27970edc23950,1755.74,1763.0,and the other dogs just look at him like what is your problem too? Like nobody even barks that back at him because I don't think they even,-0.3199999999999363,1.7799999999999727,0,False,True,29,"[784, 786, 788]"
789,5cf942378da406000127871f,1762.84,1763.05,You know.,-0.1600000000000818,0.2100000000000363,0,False,True,2,[789]
790,5de79e713cf27970edc23950,1763.0,1766.95,think he's a dog like what is that little thing over there?,-0.0499999999999545,0.9400000000000546,0,False,True,13,"[790, 792]"
796,5de79e713cf27970edc23950,1769.9,1773.55,yeah. Oh my goodness.,1.050000000000182,3.649999999999864,0,False,False,4,[796]
797,5cf942378da406000127871f,1774.24,1779.06,"their little dogs, they always think they're big and bad.",0.6900000000000546,4.819999999999936,0,False,False,11,[797]
798,5de79e713cf27970edc23950,1777.24,1781.77,"Yeah, foreshore.",-1.8199999999999363,4.529999999999973,0,False,True,2,[798]
800,5de79e713cf27970edc23950,1783.84,1785.85,What part of new york city are you in?,1.389999999999873,2.009999999999991,1,True,False,9,[800]
801,5cf942378da406000127871f,1786.14,1787.96,I'm in the Bronx.,0.290000000000191,1.8199999999999363,0,False,False,5,[801]
802,5de79e713cf27970edc23950,1787.54,1788.86,"Okay, cool.",-0.4200000000000727,1.3199999999999363,0,False,True,2,[802]
803,5cf942378da406000127871f,1788.64,1790.56,My boyfriend lives in queens.,-0.2199999999997999,1.9199999999998447,0,False,True,5,[803]
805,5cf942378da406000127871f,1791.64,1793.05,What? Mhm.,-0.1199999999998908,1.4099999999998545,1,False,True,2,[805]
806,5de79e713cf27970edc23950,1792.94,1797.96,"Yeah. That's crazy that like you're both in New york city but it's that far away,",-0.1099999999998999,5.019999999999982,0,False,True,19,[806]
807,5cf942378da406000127871f,1797.84,1800.3,"Yeah, I think it's, I think",-0.1200000000001182,1.8800000000001087,0,False,True,7,"[807, 809]"
810,5de79e713cf27970edc23950,1800.16,1800.77,big city,-0.1399999999998726,0.6099999999999,0,False,True,2,[810]
811,5cf942378da406000127871f,1800.58,1813.11,the new york city has the longest commute because somehow like even though we're in the same city is still can take me like two hours to get to Staten Island or I have a friend that lives out in coney Island.,-0.1900000000000545,10.450000000000044,0,False,True,43,"[811, 813]"
814,5de79e713cf27970edc23950,1813.24,1829.46,"yeah, I thought I'd be good going to New york city because I'm used to trains, I've been taking the team my whole life in boston. I went to Germany had no problem figuring out the train system there one hour in the new york city subway and I'm like I'm never getting home again.",0.1300000000001091,7.210000000000036,0,False,False,60,"[814, 816, 818, 820]"
821,5cf942378da406000127871f,1829.14,1830.86,"mm. Yeah,",-0.3199999999999363,1.7199999999998,0,False,True,2,[821]
822,5de79e713cf27970edc23950,1830.44,1834.06,It was like so confusing. None of it made any sense to me.,-0.4199999999998454,3.619999999999891,0,False,True,13,[822]
825,5cf942378da406000127871f,1836.04,1838.46,well I can take some getting used to.,0.0899999999999181,2.4200000000000728,0,False,False,8,[825]
826,5de79e713cf27970edc23950,1838.34,1857.35,"and the people on the train like everything is just so different. They're people I found like so friendly, everybody's talking to everybody else and like random just like dances breaking out on the train boston. I don't know. The people are just like look at me, don't talk to me very different.",-0.1200000000001182,3.25,0,False,True,57,"[826, 828, 830, 832, 834, 836, 838, 840]"
842,5de79e713cf27970edc23950,1859.14,1861.36,Well it was very nice to meet you Erica.,0.5800000000001546,2.2199999999998,0,False,False,9,[842]
843,5cf942378da406000127871f,1861.44,1863.17,"no, it's very nice to meet you too,",0.0800000000001546,1.7300000000000182,0,False,False,9,[843]
844,5de79e713cf27970edc23950,1863.04,1872.77,I'm gonna go make some lunch and feed the dog and we should definitely be well over our Our limit. Make our $14.,-0.1300000000001091,4.269999999999982,0,False,True,26,"[844, 846, 848]"
849,5cf942378da406000127871f,1871.24,1876.17,"Uh huh. All right, good.",-1.5299999999999727,3.490000000000009,0,False,True,5,"[849, 851]"
852,5de79e713cf27970edc23950,1875.36,1879.66,nice talking to you. I'm so glad I didn't get some like creepy man. Oh,-0.8100000000001728,4.300000000000182,0,False,True,17,[852]
853,5cf942378da406000127871f,1879.34,1881.17,"Well that's what I was afraid of,",-0.3200000000001637,1.8300000000001544,0,False,True,8,[853]
854,5de79e713cf27970edc23950,1881.14,1885.84,me too. I would have just been like click alright well stay,-0.0299999999999727,4.059999999999945,0,False,True,12,"[854, 856]"
857,5cf942378da406000127871f,1885.74,1886.16,What?,-0.099999999999909,0.4200000000000727,1,True,True,1,[857]
858,5de79e713cf27970edc23950,1885.84,1890.67,"safe. I hope your parents do well and I hope you and your boyfriend get to be together again soon,",-0.3200000000001637,4.830000000000155,0,False,True,20,[858]
861,5cf942378da406000127871f,1892.94,1895.16,how people perceive as well by.,-0.4099999999998545,2.220000000000028,0,False,True,6,[861]
