turn_id,speaker,start,stop,utterance,prev_utterance,label
0,5ec8a23062738338f917576a,5.94,6.26,Yeah.,,1
1,5f1f2cf5a441a30fa1b79b2d,6.04,7.65,Yeah. Hey can you hear me?,Yeah.,2
2,5ec8a23062738338f917576a,7.54,9.25,"Yeah, I can hear you. How are you?",Yeah. Hey can you hear me?,1
3,5f1f2cf5a441a30fa1b79b2d,9.44,10.76,"Good thanks, how are you?","Yeah, I can hear you. How are you?",1
4,5ec8a23062738338f917576a,10.74,12.66,Good. Yeah.,"Good thanks, how are you?",1
5,5f1f2cf5a441a30fa1b79b2d,12.34,14.64,Um,Good. Yeah.,1
6,5ec8a23062738338f917576a,13.71,15.04,"During,",Um,1
7,5f1f2cf5a441a30fa1b79b2d,14.65,15.36,What?,"During,",1
8,5ec8a23062738338f917576a,15.74,17.15,how are you doing this weekend?,What?,2
9,5f1f2cf5a441a30fa1b79b2d,17.64,24.36,Yeah I'm doing pretty good. Um It's still it's still friday for me. Is it saturday for you?,how are you doing this weekend?,1
10,5ec8a23062738338f917576a,24.24,26.01,It's friday. Yeah. Oh my weekend,Yeah I'm doing pretty good. Um It's still it's still friday for me. Is it saturday for you?,1
11,5f1f2cf5a441a30fa1b79b2d,25.74,25.94,Yeah.,It's friday. Yeah. Oh my weekend,1
12,5ec8a23062738338f917576a,26.01,28.05,starts early because I don't work on Fridays.,Yeah.,2
13,5f1f2cf5a441a30fa1b79b2d,28.34,28.88,Okay.,starts early because I don't work on Fridays.,1
14,5ec8a23062738338f917576a,28.44,30.56,I would love to someday. So. Yeah.,Okay.,1
15,5f1f2cf5a441a30fa1b79b2d,30.54,30.95,Yeah,I would love to someday. So. Yeah.,1
16,5ec8a23062738338f917576a,31.14,31.55,Yeah.,Yeah,1
17,5f1f2cf5a441a30fa1b79b2d,31.34,33.36,it's not actually um,Yeah.,2
18,5ec8a23062738338f917576a,33.14,33.76,Yeah.,it's not actually um,1
19,5f1f2cf5a441a30fa1b79b2d,33.37,36.66,you get a day off when everyone else is still working.,Yeah.,2
20,5ec8a23062738338f917576a,36.64,42.37,Right. I think it's nice to people to do things without people are out and about. So like,you get a day off when everyone else is still working.,2
21,5f1f2cf5a441a30fa1b79b2d,41.94,42.44,Yeah.,Right. I think it's nice to people to do things without people are out and about. So like,1
22,5ec8a23062738338f917576a,42.38,43.36,days. Good,Yeah.,1
23,5f1f2cf5a441a30fa1b79b2d,43.84,44.21,Yeah,days. Good,1
24,5ec8a23062738338f917576a,43.94,44.89,one,Yeah,1
25,5f1f2cf5a441a30fa1b79b2d,44.22,44.65,sure.,one,1
26,5ec8a23062738338f917576a,44.89,47.45,really is out and about now,sure.,2
27,5f1f2cf5a441a30fa1b79b2d,47.34,49.44,Yeah but,really is out and about now,1
28,5ec8a23062738338f917576a,48.64,49.56,in this time.,Yeah but,2
29,5f1f2cf5a441a30fa1b79b2d,49.45,54.45,"I went to the beach the last couple weekends here, it was packed.",in this time.,2
30,5ec8a23062738338f917576a,54.74,55.16,Okay.,"I went to the beach the last couple weekends here, it was packed.",1
31,5f1f2cf5a441a30fa1b79b2d,54.84,62.46,Um So and going on I was talking to my friend and going on a weekday um would have been ideal you know,Okay.,2
32,5ec8a23062738338f917576a,62.84,63.38,Right.,Um So and going on I was talking to my friend and going on a weekday um would have been ideal you know,1
33,5f1f2cf5a441a30fa1b79b2d,62.84,63.46,because that,Right.,1
34,5ec8a23062738338f917576a,63.39,64.46,"Yeah. Because it's,",because that,1
35,5f1f2cf5a441a30fa1b79b2d,64.54,67.66,people generally are working more still even,"Yeah. Because it's,",2
36,5ec8a23062738338f917576a,67.14,69.06,yeah. Do you live near a beach?,people generally are working more still even,1
37,5f1f2cf5a441a30fa1b79b2d,69.64,73.76,um about 45 Minute Drive Maybe.,yeah. Do you live near a beach?,1
38,5ec8a23062738338f917576a,73.94,75.22,Okay. Where,um about 45 Minute Drive Maybe.,1
39,5f1f2cf5a441a30fa1b79b2d,75.14,75.55,Yeah.,Okay. Where,1
40,5ec8a23062738338f917576a,75.22,75.75,do you want?,Yeah.,1
41,5f1f2cf5a441a30fa1b79b2d,76.24,78.66,Um I just moved to Rhode Island.,do you want?,2
42,5ec8a23062738338f917576a,78.94,79.96,Okay. Cool.,Um I just moved to Rhode Island.,1
43,5f1f2cf5a441a30fa1b79b2d,80.04,81.74,Yeah,Okay. Cool.,1
44,5ec8a23062738338f917576a,80.74,80.95,Yes.,Yeah,1
45,5f1f2cf5a441a30fa1b79b2d,82.44,85.26,so I've been here for about a month and a half.,Yes.,2
46,5ec8a23062738338f917576a,85.64,86.15,Okay.,so I've been here for about a month and a half.,1
47,5f1f2cf5a441a30fa1b79b2d,86.84,88.54,Yeah.,Okay.,1
48,5ec8a23062738338f917576a,87.64,93.66,"Gotcha pennsylvania. So we used to travel around the north, but yeah, brutal enjoyed pretty.",Yeah.,2
49,5f1f2cf5a441a30fa1b79b2d,94.24,95.95,Yeah we're about saying now.,"Gotcha pennsylvania. So we used to travel around the north, but yeah, brutal enjoyed pretty.",1
50,5ec8a23062738338f917576a,96.24,97.65,I live in Georgia now.,Yeah we're about saying now.,2
51,5f1f2cf5a441a30fa1b79b2d,98.14,99.68,Okay.,I live in Georgia now.,1
52,5ec8a23062738338f917576a,98.64,99.05,Yeah.,Okay.,1
53,5f1f2cf5a441a30fa1b79b2d,99.69,103.36,"So is that, does Georgia have coast or?",Yeah.,2
54,5ec8a23062738338f917576a,103.54,104.16,"Um,","So is that, does Georgia have coast or?",2
55,5f1f2cf5a441a30fa1b79b2d,103.84,105.16,Uh.,"Um,",1
56,5ec8a23062738338f917576a,104.17,119.45,"it does, I don't live quote like I guess that would be like there's some towns I guess Savannah is one example of like the town that's near the coast, but like the big cities Atlanta. So I live in Atlanta and there's no coast. Unfortunately.",Uh.,2
57,5f1f2cf5a441a30fa1b79b2d,118.74,119.24,Oh yeah.,"it does, I don't live quote like I guess that would be like there's some towns I guess Savannah is one example of like the town that's near the coast, but like the big cities Atlanta. So I live in Atlanta and there's no coast. Unfortunately.",1
58,5ec8a23062738338f917576a,119.45,122.35,"It's nice to live near the coast, but it's not too far if you do want to go.",Oh yeah.,2
59,5f1f2cf5a441a30fa1b79b2d,123.04,124.23,Yeah. Yeah that's,"It's nice to live near the coast, but it's not too far if you do want to go.",1
60,5ec8a23062738338f917576a,124.14,124.34,Yeah.,Yeah. Yeah that's,1
61,5f1f2cf5a441a30fa1b79b2d,124.23,125.46,sweet. That's,Yeah.,1
62,5ec8a23062738338f917576a,125.44,125.64,Yeah.,sweet. That's,1
63,5f1f2cf5a441a30fa1b79b2d,125.47,127.06,how long have you been in Atlanta?,Yeah.,2
64,5ec8a23062738338f917576a,127.54,139.25,Um So I went to U. G. A. For school so I lived in Athens for four years and then now I'm in grad school at Emory so It's been like six or 7 years. Yeah,how long have you been in Atlanta?,2
65,5f1f2cf5a441a30fa1b79b2d,139.24,139.78,Oh,Um So I went to U. G. A. For school so I lived in Athens for four years and then now I'm in grad school at Emory so It's been like six or 7 years. Yeah,1
66,5ec8a23062738338f917576a,139.64,139.84,and,Oh,1
67,5f1f2cf5a441a30fa1b79b2d,139.79,140.16,that's,and,1
68,5ec8a23062738338f917576a,139.84,140.36,I have something,that's,1
69,5f1f2cf5a441a30fa1b79b2d,140.16,140.46,right,I have something,1
70,5ec8a23062738338f917576a,140.55,141.65,that lives here. So,right,1
71,5f1f2cf5a441a30fa1b79b2d,142.44,144.75,alright. Is Athens in Georgia as well?,that lives here. So,2
72,5ec8a23062738338f917576a,144.74,146.86,yeah Athens is in Georgia,alright. Is Athens in Georgia as well?,1
73,5f1f2cf5a441a30fa1b79b2d,145.94,147.58,Oh not,yeah Athens is in Georgia,1
74,5ec8a23062738338f917576a,147.54,148.2,it's,Oh not,1
75,5f1f2cf5a441a30fa1b79b2d,147.58,148.86,not that.,it's,1
76,5ec8a23062738338f917576a,148.2,151.26,kind of like a college town so it's pretty small but it's nice.,not that.,2
77,5f1f2cf5a441a30fa1b79b2d,151.24,151.56,Uh huh.,kind of like a college town so it's pretty small but it's nice.,1
78,5ec8a23062738338f917576a,152.04,152.55,Mhm.,Uh huh.,1
79,5f1f2cf5a441a30fa1b79b2d,152.04,154.36,Oh cool. Um,Mhm.,1
80,5ec8a23062738338f917576a,154.14,154.67,Three.,Oh cool. Um,1
81,5f1f2cf5a441a30fa1b79b2d,154.37,155.61,I went to I,Three.,1
82,5ec8a23062738338f917576a,155.44,155.69,Oh,I went to I,1
83,5f1f2cf5a441a30fa1b79b2d,155.61,155.85,went,Oh,1
84,5ec8a23062738338f917576a,155.7,156.16,what?,went,2
85,5f1f2cf5a441a30fa1b79b2d,155.85,161.95,to uh I I moved here from New Zealand just a few months here just about a month ago.,what?,1
86,5ec8a23062738338f917576a,162.54,162.96,Okay.,to uh I I moved here from New Zealand just a few months here just about a month ago.,1
87,5f1f2cf5a441a30fa1b79b2d,162.64,163.54,Uh,Okay.,1
88,5ec8a23062738338f917576a,162.97,163.35,Well,Uh,3
89,5f1f2cf5a441a30fa1b79b2d,163.55,165.46,University in New Zealand.,Well,2
90,5ec8a23062738338f917576a,165.84,166.16,okay,University in New Zealand.,1
91,5f1f2cf5a441a30fa1b79b2d,165.84,166.56,Um,okay,1
92,5ec8a23062738338f917576a,166.54,166.95,so how,Um,1
93,5f1f2cf5a441a30fa1b79b2d,166.94,167.09,Uh,so how,1
94,5ec8a23062738338f917576a,166.95,167.19,come,Uh,1
95,5f1f2cf5a441a30fa1b79b2d,167.09,167.35,huh.,come,1
96,5ec8a23062738338f917576a,167.2,168.46,for a job or?,huh.,2
97,5f1f2cf5a441a30fa1b79b2d,169.04,171.05,"No, to live with my girlfriend.",for a job or?,2
98,5ec8a23062738338f917576a,171.24,172.16,Okay nice.,"No, to live with my girlfriend.",1
99,5f1f2cf5a441a30fa1b79b2d,172.04,175.66,"Yeah she she's working over here, she got a job in Rhode island.",Okay nice.,1
100,5ec8a23062738338f917576a,175.94,176.79,She,"Yeah she she's working over here, she got a job in Rhode island.",1
101,5f1f2cf5a441a30fa1b79b2d,176.04,176.66,Um,She,1
102,5ec8a23062738338f917576a,176.79,177.32,also from,Um,1
103,5f1f2cf5a441a30fa1b79b2d,177.14,177.34,Yeah,also from,1
104,5ec8a23062738338f917576a,177.33,178.16,Zeeland or,Yeah,1
105,5f1f2cf5a441a30fa1b79b2d,178.64,181.48,no she's from California but,Zeeland or,2
106,5ec8a23062738338f917576a,180.54,180.75,are?,no she's from California but,1
107,5f1f2cf5a441a30fa1b79b2d,181.49,184.46,we met when she was on exchange in New Zealand.,are?,2
108,5ec8a23062738338f917576a,184.74,186.11,Oh nice. Okay. That sounds,we met when she was on exchange in New Zealand.,1
109,5f1f2cf5a441a30fa1b79b2d,185.94,186.56,Yeah.,Oh nice. Okay. That sounds,1
110,5ec8a23062738338f917576a,186.11,190.05,like I would love to go to new Zealand for like exchange program or something.,Yeah.,2
111,5f1f2cf5a441a30fa1b79b2d,189.64,191.06,Yeah. Yeah.,like I would love to go to new Zealand for like exchange program or something.,1
112,5ec8a23062738338f917576a,190.84,191.34,Yeah.,Yeah. Yeah.,1
113,5f1f2cf5a441a30fa1b79b2d,191.07,192.05,Yeah.,Yeah.,1
114,5ec8a23062738338f917576a,191.84,192.85,Yeah.,Yeah.,1
115,5f1f2cf5a441a30fa1b79b2d,192.06,197.36,It's funny. Yeah she said the reason that she picked museum is because,Yeah.,2
116,5ec8a23062738338f917576a,197.24,197.45,Mhm.,It's funny. Yeah she said the reason that she picked museum is because,1
117,5f1f2cf5a441a30fa1b79b2d,197.84,201.46,it's a country that should probably never go to otherwise.,Mhm.,2
118,5ec8a23062738338f917576a,201.74,202.32,Right.,it's a country that should probably never go to otherwise.,1
119,5f1f2cf5a441a30fa1b79b2d,201.94,202.45,Um,Right.,1
120,5ec8a23062738338f917576a,202.33,203.74,Yeah,Um,1
121,5f1f2cf5a441a30fa1b79b2d,203.04,207.86,And then yeah and then she ended up coming back.,Yeah,1
122,5ec8a23062738338f917576a,207.24,209.14,wow. I know,And then yeah and then she ended up coming back.,1
123,5f1f2cf5a441a30fa1b79b2d,208.94,209.35,Yeah.,wow. I know,1
124,5ec8a23062738338f917576a,209.15,215.33,it's kind of like it's out of the way so it's kind of hard to visit I guess because,Yeah.,2
125,5f1f2cf5a441a30fa1b79b2d,215.04,215.76,Mhm.,it's kind of like it's out of the way so it's kind of hard to visit I guess because,1
126,5ec8a23062738338f917576a,215.33,219.97,I lived in India like my family lives in India so we travel around Asia a lot because it's so easy.,Mhm.,2
127,5f1f2cf5a441a30fa1b79b2d,219.64,220.28,Yeah.,I lived in India like my family lives in India so we travel around Asia a lot because it's so easy.,1
128,5ec8a23062738338f917576a,219.98,220.33,Like the,Yeah.,1
129,5f1f2cf5a441a30fa1b79b2d,220.29,220.56,Yeah,Like the,1
130,5ec8a23062738338f917576a,220.33,225.95,flights are cheap but we've never gone like outside like to europe or to Australia and new Zealand.,Yeah,2
131,5f1f2cf5a441a30fa1b79b2d,225.84,226.28,cost,flights are cheap but we've never gone like outside like to europe or to Australia and new Zealand.,1
132,5ec8a23062738338f917576a,226.0,226.43,It's,cost,1
133,5f1f2cf5a441a30fa1b79b2d,226.28,226.46,me.,It's,1
134,5ec8a23062738338f917576a,226.43,229.1,too far.,me.,3
135,5f1f2cf5a441a30fa1b79b2d,228.44,232.26,Yeah I know there's nothing close really like,too far.,1
136,5ec8a23062738338f917576a,232.34,233.45,Right?,Yeah I know there's nothing close really like,1
137,5f1f2cf5a441a30fa1b79b2d,234.04,245.56,"Australia, the closest part of Australia is about two hours away so that's that's all good. But Australia is like huge and you have to get across that to get to anywhere else apart from the pacific islands.",Right?,2
138,5ec8a23062738338f917576a,245.94,246.44,"Oh,","Australia, the closest part of Australia is about two hours away so that's that's all good. But Australia is like huge and you have to get across that to get to anywhere else apart from the pacific islands.",1
139,5f1f2cf5a441a30fa1b79b2d,246.14,246.74,So like,"Oh,",1
140,5ec8a23062738338f917576a,246.45,246.96,okay.,So like,1
141,5f1f2cf5a441a30fa1b79b2d,246.75,252.46,we're looking at like if you want to get to like any other major country it's like at least an eight or 10 hour flight,okay.,2
142,5ec8a23062738338f917576a,253.04,253.76,Right.,we're looking at like if you want to get to like any other major country it's like at least an eight or 10 hour flight,1
143,5f1f2cf5a441a30fa1b79b2d,254.24,258.05,Which is like to get to L. A. And it's like 12 hours and that's.,Right.,1
144,5ec8a23062738338f917576a,257.64,258.73,Yeah.,Which is like to get to L. A. And it's like 12 hours and that's.,1
145,5f1f2cf5a441a30fa1b79b2d,258.44,259.35,Uh huh.,Yeah.,1
146,5ec8a23062738338f917576a,258.74,259.87,"Oh yeah, that's what",Uh huh.,1
147,5f1f2cf5a441a30fa1b79b2d,259.36,260.15,Russian.,"Oh yeah, that's what",1
148,5ec8a23062738338f917576a,259.88,262.56,it's definitely like a trip you have to plan. So,Russian.,2
149,5f1f2cf5a441a30fa1b79b2d,262.34,262.84,Yeah.,it's definitely like a trip you have to plan. So,1
150,5ec8a23062738338f917576a,262.57,263.82,it's not like a,Yeah.,3
151,5f1f2cf5a441a30fa1b79b2d,263.74,263.94,Yeah.,it's not like a,1
152,5ec8a23062738338f917576a,263.82,266.4,"few hours, but that's really cool. Um,",Yeah.,2
153,5f1f2cf5a441a30fa1b79b2d,266.24,266.56,Yeah.,"few hours, but that's really cool. Um,",1
154,5ec8a23062738338f917576a,266.41,268.05,"you're in new Zealand, are you from?",Yeah.,2
155,5f1f2cf5a441a30fa1b79b2d,268.74,279.37,Um I lived in Auckland for about seven years and then went to university in Wellington which,"you're in new Zealand, are you from?",2
156,5ec8a23062738338f917576a,279.34,279.75,"Yeah,",Um I lived in Auckland for about seven years and then went to university in Wellington which,1
157,5f1f2cf5a441a30fa1b79b2d,279.37,281.66,is the capital. Um And that's,"Yeah,",1
158,5ec8a23062738338f917576a,281.54,281.74,"yeah,",is the capital. Um And that's,1
159,5f1f2cf5a441a30fa1b79b2d,281.66,285.46,like I went yeah I went there for three years. Um,"yeah,",2
160,5ec8a23062738338f917576a,285.04,285.24,yeah.,like I went yeah I went there for three years. Um,1
161,5f1f2cf5a441a30fa1b79b2d,286.44,289.56,But I wasn't actually born there was born in England. Um,yeah.,2
162,5ec8a23062738338f917576a,289.24,289.65,Yeah.,But I wasn't actually born there was born in England. Um,1
163,5f1f2cf5a441a30fa1b79b2d,290.24,292.85,So I lived I lived about 10 years in England as well.,Yeah.,2
164,5ec8a23062738338f917576a,293.14,294.26,Okay. So is,So I lived I lived about 10 years in England as well.,1
165,5f1f2cf5a441a30fa1b79b2d,294.14,294.64,Yeah.,Okay. So is,1
166,5ec8a23062738338f917576a,294.26,296.54,your accent more english,Yeah.,2
167,5f1f2cf5a441a30fa1b79b2d,295.74,295.95,Mhm.,your accent more english,1
168,5ec8a23062738338f917576a,296.55,297.55,"than, or",Mhm.,1
169,5f1f2cf5a441a30fa1b79b2d,297.34,297.85,"From,","than, or",1
170,5ec8a23062738338f917576a,298.34,298.96,cause I can't really,"From,",2
171,5f1f2cf5a441a30fa1b79b2d,298.94,299.15,mm.,cause I can't really,1
172,5ec8a23062738338f917576a,298.96,300.65,"tell the difference, but",mm.,1
173,5f1f2cf5a441a30fa1b79b2d,299.64,303.96,Yeah it's really um it's not strong,"tell the difference, but",1
174,5ec8a23062738338f917576a,303.94,304.36,Okay.,Yeah it's really um it's not strong,1
175,5f1f2cf5a441a30fa1b79b2d,303.97,317.46,it's like not strong of either one instead of just like a very middle kind of blend but depending on who I talk to. People say that they can pick up the english accent or they can pick up certain words that sound like a kiwi accent.,Okay.,2
176,5ec8a23062738338f917576a,317.74,318.16,Okay.,it's like not strong of either one instead of just like a very middle kind of blend but depending on who I talk to. People say that they can pick up the english accent or they can pick up certain words that sound like a kiwi accent.,1
177,5f1f2cf5a441a30fa1b79b2d,317.94,319.24,All right. Yeah,Okay.,1
178,5ec8a23062738338f917576a,319.24,319.75,Project.,All right. Yeah,1
179,5f1f2cf5a441a30fa1b79b2d,319.64,323.96,well I'm I can't really here obviously.,Project.,2
180,5ec8a23062738338f917576a,323.04,324.67,"Why? Yeah, I got that.",well I'm I can't really here obviously.,1
181,5f1f2cf5a441a30fa1b79b2d,324.64,325.14,Yeah.,"Why? Yeah, I got that.",1
182,5ec8a23062738338f917576a,324.68,329.76,I think I'm more aware of my accent now like after I moved because I went to high school in India. So,Yeah.,2
183,5f1f2cf5a441a30fa1b79b2d,329.94,330.86,Yeah,I think I'm more aware of my accent now like after I moved because I went to high school in India. So,1
184,5ec8a23062738338f917576a,330.14,335.76,like the international school where there's like a lot of people with different accents and they also say I sound like super,Yeah,2
185,5f1f2cf5a441a30fa1b79b2d,335.74,336.16,wow.,like the international school where there's like a lot of people with different accents and they also say I sound like super,1
186,5ec8a23062738338f917576a,335.76,337.69,"american, but",wow.,1
187,5f1f2cf5a441a30fa1b79b2d,337.34,337.66,Yeah,"american, but",1
188,5ec8a23062738338f917576a,337.7,339.78,I feel like compared to a lot of,Yeah,2
189,5f1f2cf5a441a30fa1b79b2d,339.74,340.14,christian.,I feel like compared to a lot of,2
190,5ec8a23062738338f917576a,339.79,340.91,people I don't,christian.,1
191,5f1f2cf5a441a30fa1b79b2d,340.84,341.05,Oh,people I don't,1
192,5ec8a23062738338f917576a,340.91,341.81,I don't know. But,Oh,1
193,5f1f2cf5a441a30fa1b79b2d,341.74,342.19,to,I don't know. But,1
194,5ec8a23062738338f917576a,341.81,342.28,then when I,to,3
195,5f1f2cf5a441a30fa1b79b2d,342.19,342.55,me.,then when I,1
196,5ec8a23062738338f917576a,342.29,346.36,"talked to when I talk to people in the south, I start to get like a southern",me.,2
197,5f1f2cf5a441a30fa1b79b2d,346.14,346.35,Mhm.,"talked to when I talk to people in the south, I start to get like a southern",1
198,5ec8a23062738338f917576a,346.74,347.25,like,Mhm.,1
199,5f1f2cf5a441a30fa1b79b2d,347.14,347.68,All right.,like,1
200,5ec8a23062738338f917576a,347.64,348.59,"yeah,",All right.,1
201,5f1f2cf5a441a30fa1b79b2d,347.69,348.45,Yeah.,"yeah,",1
202,5ec8a23062738338f917576a,348.59,349.17,"I stayed like,",Yeah.,2
203,5f1f2cf5a441a30fa1b79b2d,349.14,349.46,Yeah,"I stayed like,",1
204,5ec8a23062738338f917576a,349.17,351.26,"y'all and like just certain words,",Yeah,2
205,5f1f2cf5a441a30fa1b79b2d,351.54,352.38,does,"y'all and like just certain words,",1
206,5ec8a23062738338f917576a,351.84,352.16,right?,does,1
207,5f1f2cf5a441a30fa1b79b2d,352.46,356.67,accents you can change just basic conversation so,right?,2
208,5ec8a23062738338f917576a,356.14,356.64,Yeah.,accents you can change just basic conversation so,1
209,5f1f2cf5a441a30fa1b79b2d,356.67,358.1,"I'm just doing a fan on, it's so",Yeah.,1
210,5ec8a23062738338f917576a,357.94,358.28,You,"I'm just doing a fan on, it's so",1
211,5f1f2cf5a441a30fa1b79b2d,358.1,358.46,hot.,You,1
212,5ec8a23062738338f917576a,358.28,359.46,look fine.,hot.,1
213,5f1f2cf5a441a30fa1b79b2d,360.14,361.25,Um,look fine.,1
214,5ec8a23062738338f917576a,360.54,362.55,We like living in the U. S. So far.,Um,2
215,5f1f2cf5a441a30fa1b79b2d,363.34,364.99,um Yeah.,We like living in the U. S. So far.,1
216,5ec8a23062738338f917576a,364.54,364.86,Right.,um Yeah.,1
217,5f1f2cf5a441a30fa1b79b2d,365.0,366.25,Um,Right.,1
218,5ec8a23062738338f917576a,365.74,367.83,This is a weird time to move because you can't really,Um,2
219,5f1f2cf5a441a30fa1b79b2d,367.74,368.15,Yeah,This is a weird time to move because you can't really,1
220,5ec8a23062738338f917576a,367.84,369.16,experience it.,Yeah,2
221,5f1f2cf5a441a30fa1b79b2d,369.64,371.65,really weird time to move.,experience it.,2
222,5ec8a23062738338f917576a,370.94,372.34,Yeah.,really weird time to move.,1
223,5f1f2cf5a441a30fa1b79b2d,372.04,377.96,Uh Yeah but I don't know I'm enjoying it so far. Um,Yeah.,2
224,5ec8a23062738338f917576a,377.24,377.45,Mhm.,Uh Yeah but I don't know I'm enjoying it so far. Um,1
225,5f1f2cf5a441a30fa1b79b2d,377.97,381.96,It's just my girlfriend and I we've got an apartment together so,Mhm.,2
226,5ec8a23062738338f917576a,382.14,382.56,All right.,It's just my girlfriend and I we've got an apartment together so,1
227,5f1f2cf5a441a30fa1b79b2d,382.34,398.46,when we were like just stay at home most of the time um Yeah it's weird um Because obviously new Zealand is all like has it's pretty much clear I think I've still got a few cases but,All right.,2
228,5ec8a23062738338f917576a,399.04,399.15,All,when we were like just stay at home most of the time um Yeah it's weird um Because obviously new Zealand is all like has it's pretty much clear I think I've still got a few cases but,1
229,5f1f2cf5a441a30fa1b79b2d,399.04,399.28,like,All,3
230,5ec8a23062738338f917576a,399.15,399.25,right.,like,1
231,5f1f2cf5a441a30fa1b79b2d,399.28,404.06,the handle coronavirus pretty well. So then leaving that and coming there I've had,right.,2
232,5ec8a23062738338f917576a,404.04,404.66,Yeah.,the handle coronavirus pretty well. So then leaving that and coming there I've had,1
233,5f1f2cf5a441a30fa1b79b2d,404.06,409.72,"to kind of change, change my mindset into being back into lockdown mode and like being",Yeah.,2
234,5ec8a23062738338f917576a,409.34,410.44,Yeah.,"to kind of change, change my mindset into being back into lockdown mode and like being",1
235,5f1f2cf5a441a30fa1b79b2d,409.72,410.56,really,Yeah.,1
236,5ec8a23062738338f917576a,410.94,411.12,And,really,1
237,5f1f2cf5a441a30fa1b79b2d,410.94,412.07,uh,And,1
238,5ec8a23062738338f917576a,411.12,412.3,now I'm sorry.,uh,1
239,5f1f2cf5a441a30fa1b79b2d,412.08,415.16,that's a big difference. Um,now I'm sorry.,2
240,5ec8a23062738338f917576a,414.54,414.75,Mhm.,that's a big difference. Um,1
241,5f1f2cf5a441a30fa1b79b2d,415.84,422.25,"And yeah, I don't know. It's it's not like crazy different. Um.",Mhm.,2
242,5ec8a23062738338f917576a,421.74,422.14,Yes.,"And yeah, I don't know. It's it's not like crazy different. Um.",1
243,5f1f2cf5a441a30fa1b79b2d,423.04,426.55,Right. Yeah.,Yes.,1
244,5ec8a23062738338f917576a,424.84,427.96,"I'm sure to be able to have time to settle in. Well,",Right. Yeah.,2
245,5f1f2cf5a441a30fa1b79b2d,428.14,428.75,What's,"I'm sure to be able to have time to settle in. Well,",1
246,5ec8a23062738338f917576a,428.34,428.75,"yeah,",What's,1
247,5f1f2cf5a441a30fa1b79b2d,428.75,429.23,"that, sorry?","yeah,",1
248,5ec8a23062738338f917576a,429.64,433.66,I'm sure it's nice to be able to like have time to settle in at least. So.,"that, sorry?",2
249,5f1f2cf5a441a30fa1b79b2d,433.34,436.96,"Yeah,",I'm sure it's nice to be able to like have time to settle in at least. So.,1
250,5ec8a23062738338f917576a,435.14,436.96,Yeah. Yeah.,"Yeah,",1
251,5f1f2cf5a441a30fa1b79b2d,437.64,441.02,it does make um finding where I can get more difficult.,Yeah. Yeah.,1
252,5ec8a23062738338f917576a,441.84,442.34,Right.,it does make um finding where I can get more difficult.,1
253,5f1f2cf5a441a30fa1b79b2d,441.84,442.35,Um,Right.,1
254,5ec8a23062738338f917576a,442.35,444.16,Yeah. Well,Um,1
255,5f1f2cf5a441a30fa1b79b2d,443.84,444.2,Well I'm,Yeah. Well,2
256,5ec8a23062738338f917576a,444.17,444.72,about,Well I'm,1
257,5f1f2cf5a441a30fa1b79b2d,444.2,444.46,just,about,1
258,5ec8a23062738338f917576a,444.72,447.96,a job as a contact tracer recently. So maybe you could look into that.,just,2
259,5f1f2cf5a441a30fa1b79b2d,447.84,449.06,"Oh, true.",a job as a contact tracer recently. So maybe you could look into that.,1
260,5ec8a23062738338f917576a,449.04,450.08,Yeah. And it tastes,"Oh, true.",1
261,5f1f2cf5a441a30fa1b79b2d,449.94,450.14,Yeah.,Yeah. And it tastes,1
262,5ec8a23062738338f917576a,450.08,451.25,really well. So,Yeah.,1
263,5f1f2cf5a441a30fa1b79b2d,451.24,451.74,Yeah.,really well. So,1
264,5ec8a23062738338f917576a,451.25,457.07,I'm public health. So it was pretty easy for me to like kind of get that job. But I know,Yeah.,2
265,5f1f2cf5a441a30fa1b79b2d,456.94,457.35,Yeah.,I'm public health. So it was pretty easy for me to like kind of get that job. But I know,1
266,5ec8a23062738338f917576a,457.07,460.66,"that they are hiring like outside people as well. Well,",Yeah.,2
267,5f1f2cf5a441a30fa1b79b2d,460.36,463.66,"And what is that involved, like just finding people up?","that they are hiring like outside people as well. Well,",1
268,5ec8a23062738338f917576a,463.44,464.65,"yeah, so I just","And what is that involved, like just finding people up?",1
269,5f1f2cf5a441a30fa1b79b2d,464.44,464.64,Yeah.,"yeah, so I just",1
270,5ec8a23062738338f917576a,464.65,473.0,"call people and like let them know what their exposure period or like the incubation period and when they were exposed, usually",Yeah.,2
271,5f1f2cf5a441a30fa1b79b2d,472.54,473.56,Okay.,"call people and like let them know what their exposure period or like the incubation period and when they were exposed, usually",1
272,5ec8a23062738338f917576a,473.0,477.85,they do know already. But then we monitor their symptoms over either calling them or text. So,Okay.,2
273,5f1f2cf5a441a30fa1b79b2d,477.94,478.65,Yeah.,they do know already. But then we monitor their symptoms over either calling them or text. So,1
274,5ec8a23062738338f917576a,478.34,478.66,yeah.,Yeah.,1
275,5f1f2cf5a441a30fa1b79b2d,478.66,479.04,Yeah.,yeah.,1
276,5ec8a23062738338f917576a,479.04,480.06,Cool. It's,Yeah.,1
277,5f1f2cf5a441a30fa1b79b2d,480.04,480.55,Permanent.,Cool. It's,2
278,5ec8a23062738338f917576a,481.14,481.76,sorry.,Permanent.,1
279,5f1f2cf5a441a30fa1b79b2d,481.24,486.25,What's the general sort of reaction like people panic or the,sorry.,2
280,5ec8a23062738338f917576a,486.34,492.64,"No. So, okay. So if it's like a close family or friends, then generally they will know because like",What's the general sort of reaction like people panic or the,2
281,5f1f2cf5a441a30fa1b79b2d,492.54,493.35,Mhm.,"No. So, okay. So if it's like a close family or friends, then generally they will know because like",1
282,5ec8a23062738338f917576a,492.65,497.05,"if I was if I had gotten coronavirus, obviously I was told people, but then some people",Mhm.,2
283,5f1f2cf5a441a30fa1b79b2d,496.94,497.35,Yeah.,"if I was if I had gotten coronavirus, obviously I was told people, but then some people",1
284,5ec8a23062738338f917576a,497.05,500.65,don't tell everyone. So then they're like what I,Yeah.,2
285,5f1f2cf5a441a30fa1b79b2d,500.64,501.35,Yeah.,don't tell everyone. So then they're like what I,1
286,5ec8a23062738338f917576a,500.65,510.36,"was uh So yeah, I think there's not so much panic, but then there is people who don't want to be monitored and",Yeah.,2
287,5f1f2cf5a441a30fa1b79b2d,510.54,511.16,Right.,"was uh So yeah, I think there's not so much panic, but then there is people who don't want to be monitored and",1
288,5ec8a23062738338f917576a,510.94,514.4,don't like believe in it. I guess. So.,Right.,2
289,5f1f2cf5a441a30fa1b79b2d,513.94,515.16,Right. Yeah.,don't like believe in it. I guess. So.,1
290,5ec8a23062738338f917576a,515.04,516.06,Stay,Right. Yeah.,1
291,5f1f2cf5a441a30fa1b79b2d,516.44,516.94,That's,Stay,1
292,5ec8a23062738338f917576a,516.54,516.75,Right.,That's,1
293,5f1f2cf5a441a30fa1b79b2d,516.95,535.46,that's that's one of the um major differences that I noticed um between new Zealanders and americans regarding coronavirus is that there's such a divide among whether people like follow the guidelines. Um,Right.,2
294,5ec8a23062738338f917576a,535.44,536.06,Right.,that's that's one of the um major differences that I noticed um between new Zealanders and americans regarding coronavirus is that there's such a divide among whether people like follow the guidelines. Um,1
295,5f1f2cf5a441a30fa1b79b2d,535.84,569.14,"And New Zealand we had, you know, we did have an advantage in the fact that we got to see how it unfolded around the world before it got to us because they got to us fairly late. Um So we were able to um you know, watch what power was turning out and then be ready for it. But then when it did come it was really strict lockdown, but everybody followed it. Nobody sort of was up and against the government. No one was like calling it out thinking",Right.,2
296,5ec8a23062738338f917576a,568.84,569.34,Yeah.,"And New Zealand we had, you know, we did have an advantage in the fact that we got to see how it unfolded around the world before it got to us because they got to us fairly late. Um So we were able to um you know, watch what power was turning out and then be ready for it. But then when it did come it was really strict lockdown, but everybody followed it. Nobody sort of was up and against the government. No one was like calling it out thinking",1
297,5f1f2cf5a441a30fa1b79b2d,569.14,579.26,it was or anything like that. There's a very sort of like it was it was tough like obviously I was like five weeks of like not seeing anybody pretty much. Um,Yeah.,2
298,5ec8a23062738338f917576a,578.64,578.96,Yes.,it was or anything like that. There's a very sort of like it was it was tough like obviously I was like five weeks of like not seeing anybody pretty much. Um,1
299,5f1f2cf5a441a30fa1b79b2d,579.74,585.95,"And like tons of shock close like the only shot through through the only places you get food, like grocery stores.",Yes.,2
300,5ec8a23062738338f917576a,585.74,586.16,Mhm.,"And like tons of shock close like the only shot through through the only places you get food, like grocery stores.",1
301,5f1f2cf5a441a30fa1b79b2d,586.34,588.16,Um uh,Mhm.,1
302,5ec8a23062738338f917576a,587.4,588.86,"Even sometimes closed,",Um uh,2
303,5f1f2cf5a441a30fa1b79b2d,589.34,589.96,So,"Even sometimes closed,",1
304,5ec8a23062738338f917576a,589.84,591.37,"even like restaurants and stuff, they",So,2
305,5f1f2cf5a441a30fa1b79b2d,591.34,591.64,"yeah,","even like restaurants and stuff, they",1
306,5ec8a23062738338f917576a,591.38,591.55,"could,","yeah,",1
307,5f1f2cf5a441a30fa1b79b2d,591.65,594.16,everything will no takeout either. Um,"could,",2
308,5ec8a23062738338f917576a,593.64,596.14,"yeah, A",everything will no takeout either. Um,1
309,5f1f2cf5a441a30fa1b79b2d,594.84,595.86,At,"yeah, A",1
310,5ec8a23062738338f917576a,596.15,601.06,"lot of restaurants did close, but I'm pretty sure most of them have been doing take out even through B",At,2
311,5f1f2cf5a441a30fa1b79b2d,600.84,602.8,Yeah,"lot of restaurants did close, but I'm pretty sure most of them have been doing take out even through B",1
312,5ec8a23062738338f917576a,601.64,602.56,moved down from.,Yeah,2
313,5f1f2cf5a441a30fa1b79b2d,602.82,604.16,that's the case. Um,moved down from.,1
314,5ec8a23062738338f917576a,604.44,604.76,No.,that's the case. Um,1
315,5f1f2cf5a441a30fa1b79b2d,604.64,615.14,"Where so like everybody sort of just like there's no question about everybody was like very serious, but over here you have people just very nonchalant about the whole thing.",No.,2
316,5ec8a23062738338f917576a,615.04,615.82,"Right,","Where so like everybody sort of just like there's no question about everybody was like very serious, but over here you have people just very nonchalant about the whole thing.",1
317,5f1f2cf5a441a30fa1b79b2d,615.15,615.75,Um,"Right,",1
318,5ec8a23062738338f917576a,615.83,616.36,wow.,Um,1
319,5f1f2cf5a441a30fa1b79b2d,616.14,621.31,"and which, you know, it's probably good for mentality for them, you know, like",wow.,2
320,5ec8a23062738338f917576a,620.94,621.56,Yeah.,"and which, you know, it's probably good for mentality for them, you know, like",1
321,5f1f2cf5a441a30fa1b79b2d,621.32,629.75,because it does wear you down a bit if you're constantly in fear. Um but it does mean that it just extends the whole process by months.,Yeah.,2
322,5ec8a23062738338f917576a,629.84,630.47,Right.,because it does wear you down a bit if you're constantly in fear. Um but it does mean that it just extends the whole process by months.,1
323,5f1f2cf5a441a30fa1b79b2d,630.34,630.54,Uh huh,Right.,1
324,5ec8a23062738338f917576a,630.48,641.97,And I think like I don't I don't think it's good to and still fear in people and that's how you like make them do things. Obviously I just wish that people would take it seriously and then,Uh huh,2
325,5f1f2cf5a441a30fa1b79b2d,641.94,642.35,Yeah.,And I think like I don't I don't think it's good to and still fear in people and that's how you like make them do things. Obviously I just wish that people would take it seriously and then,1
326,5ec8a23062738338f917576a,641.97,648.86,they you know like I mean sometimes fear I think is a good thing and you know because you should be serious about it. Right?,Yeah.,2
327,5f1f2cf5a441a30fa1b79b2d,648.74,651.17,"Economic, it can be effective",they you know like I mean sometimes fear I think is a good thing and you know because you should be serious about it. Right?,1
328,5ec8a23062738338f917576a,651.14,652.66,Yeah.,"Economic, it can be effective",1
329,5f1f2cf5a441a30fa1b79b2d,651.18,652.64,for sure. Uh huh.,Yeah.,1
330,5ec8a23062738338f917576a,653.24,653.64,But,for sure. Uh huh.,1
331,5f1f2cf5a441a30fa1b79b2d,653.24,653.95,Yeah.,But,1
332,5ec8a23062738338f917576a,653.65,663.75,for me I'm just like luckily like I feel like I'm not too susceptible and I don't have that many family members that are in situations where they would be susceptible either.,Yeah.,2
333,5f1f2cf5a441a30fa1b79b2d,663.64,664.27,Yeah.,for me I'm just like luckily like I feel like I'm not too susceptible and I don't have that many family members that are in situations where they would be susceptible either.,1
334,5ec8a23062738338f917576a,664.14,664.39,And,Yeah.,1
335,5f1f2cf5a441a30fa1b79b2d,664.28,665.16,Yeah.,And,1
336,5ec8a23062738338f917576a,664.39,671.54,"so I can understand where that here comes from, but at the same time it's just like we need to follow the rules and get through it, otherwise it's not going to",Yeah.,2
337,5f1f2cf5a441a30fa1b79b2d,671.54,672.04,Yeah.,"so I can understand where that here comes from, but at the same time it's just like we need to follow the rules and get through it, otherwise it's not going to",1
338,5ec8a23062738338f917576a,671.55,673.36,be 11,Yeah.,1
339,5f1f2cf5a441a30fa1b79b2d,672.54,673.04,Yeah.,be 11,1
340,5ec8a23062738338f917576a,673.74,675.25,Yeah. Yeah. It,Yeah.,1
341,5f1f2cf5a441a30fa1b79b2d,675.14,675.55,Yeah.,Yeah. Yeah. It,1
342,5ec8a23062738338f917576a,675.25,679.86,"seems like most of the world is dealing with it a lot better than here, but,",Yeah.,2
343,5f1f2cf5a441a30fa1b79b2d,679.54,680.04,Yeah.,"seems like most of the world is dealing with it a lot better than here, but,",1
344,5ec8a23062738338f917576a,680.24,680.96,wow.,Yeah.,1
345,5f1f2cf5a441a30fa1b79b2d,680.74,694.89,"I think, I think just people's attitudes that that's like the only, you know, there's no real difference in like people on a physical and biological or medical level, just",wow.,2
346,5ec8a23062738338f917576a,694.54,694.74,Yeah.,"I think, I think just people's attitudes that that's like the only, you know, there's no real difference in like people on a physical and biological or medical level, just",1
347,5f1f2cf5a441a30fa1b79b2d,694.89,696.66,simply do the attitude that they have,Yeah.,2
348,5ec8a23062738338f917576a,696.94,697.38,"Yeah,",simply do the attitude that they have,1
349,5f1f2cf5a441a30fa1b79b2d,697.14,697.56,"right,","Yeah,",1
350,5ec8a23062738338f917576a,697.39,697.96,definitely.,"right,",1
351,5f1f2cf5a441a30fa1b79b2d,697.94,699.62,whether whether or not they're willing to,definitely.,1
352,5ec8a23062738338f917576a,700.14,701.13,Yeah. And I think it's,whether whether or not they're willing to,2
353,5f1f2cf5a441a30fa1b79b2d,701.04,701.36,one,Yeah. And I think it's,1
354,5ec8a23062738338f917576a,701.13,703.76,like the level of trust too because,one,2
355,5f1f2cf5a441a30fa1b79b2d,703.64,704.24,"Yeah,",like the level of trust too because,1
356,5ec8a23062738338f917576a,704.24,704.57,you,"Yeah,",1
357,5f1f2cf5a441a30fa1b79b2d,704.25,704.62,that's a good,you,1
358,5ec8a23062738338f917576a,704.58,705.19,don't,that's a good,1
359,5f1f2cf5a441a30fa1b79b2d,704.62,704.96,point.,don't,1
360,5ec8a23062738338f917576a,705.19,709.92,"trust the government, which I do understand like I don't trust them in a lot of ways either. But then",point.,2
361,5f1f2cf5a441a30fa1b79b2d,709.74,710.16,Mm,"trust the government, which I do understand like I don't trust them in a lot of ways either. But then",1
362,5ec8a23062738338f917576a,709.93,713.56,you should trust health professionals at the very least. So.,Mm,2
363,5f1f2cf5a441a30fa1b79b2d,713.34,715.9,"Yeah,",you should trust health professionals at the very least. So.,1
364,5ec8a23062738338f917576a,714.54,715.16,Yeah.,"Yeah,",1
365,5f1f2cf5a441a30fa1b79b2d,715.91,716.64,that's the thing.,Yeah.,1
366,5ec8a23062738338f917576a,717.24,717.96,But,that's the thing.,1
367,5f1f2cf5a441a30fa1b79b2d,717.44,718.45,Yeah.,But,1
368,5ec8a23062738338f917576a,718.84,719.28,"well,",Yeah.,1
369,5f1f2cf5a441a30fa1b79b2d,718.94,719.96,Okay.,"well,",1
370,5ec8a23062738338f917576a,719.29,724.96,it's kind of going down there. Do you have a lot of family or I guess your family is from there or?,Okay.,2
371,5f1f2cf5a441a30fa1b79b2d,724.84,726.36,"Um, in new Zealand,",it's kind of going down there. Do you have a lot of family or I guess your family is from there or?,1
372,5ec8a23062738338f917576a,726.14,726.65,Mhm.,"Um, in new Zealand,",1
373,5f1f2cf5a441a30fa1b79b2d,727.24,730.56,"yeah, most of my family's there. I have some family still in England.",Mhm.,2
374,5ec8a23062738338f917576a,730.94,730.99,Uh,"yeah, most of my family's there. I have some family still in England.",1
375,5f1f2cf5a441a30fa1b79b2d,730.94,731.56,"Um,",Uh,1
376,5ec8a23062738338f917576a,730.99,731.14,huh.,"Um,",1
377,5f1f2cf5a441a30fa1b79b2d,732.04,741.56,"just suck some cousins, uncles, knots and things, but majority like my grandparents and parents and most of my life is not so well in New Zealand.",huh.,2
378,5ec8a23062738338f917576a,742.04,742.55,Program,"just suck some cousins, uncles, knots and things, but majority like my grandparents and parents and most of my life is not so well in New Zealand.",1
379,5f1f2cf5a441a30fa1b79b2d,742.94,748.66,Yeah. I think I have maybe like one 2nd cousin in New York or something,Program,1
380,5ec8a23062738338f917576a,749.24,749.66,Okay.,Yeah. I think I have maybe like one 2nd cousin in New York or something,1
381,5f1f2cf5a441a30fa1b79b2d,749.44,753.61,"all or somewhere in the Northeast. Um,",Okay.,2
382,5ec8a23062738338f917576a,753.24,753.56,Mhm.,"all or somewhere in the Northeast. Um,",1
383,5f1f2cf5a441a30fa1b79b2d,753.61,758.26,"but I, so like, you know, kind of like just a distant relative.",Mhm.,2
384,5ec8a23062738338f917576a,758.14,758.76,Mhm.,"but I, so like, you know, kind of like just a distant relative.",1
385,5f1f2cf5a441a30fa1b79b2d,758.84,760.35,Yeah.,Mhm.,1
386,5ec8a23062738338f917576a,759.54,759.74,Yeah.,Yeah.,1
387,5f1f2cf5a441a30fa1b79b2d,760.36,763.84,There any sort of person in America Yeah.,Yeah.,1
388,5ec8a23062738338f917576a,763.44,767.36,So everything is like back to normal pretty much there or?,There any sort of person in America Yeah.,2
389,5f1f2cf5a441a30fa1b79b2d,767.74,769.05,"In New Zealand. Yeah,",So everything is like back to normal pretty much there or?,2
390,5ec8a23062738338f917576a,768.44,769.66,Mhm. I'm from,"In New Zealand. Yeah,",1
391,5f1f2cf5a441a30fa1b79b2d,769.54,776.35,"very much so. There's no community spread as far as I know, it's only people coming into the country",Mhm. I'm from,2
392,5ec8a23062738338f917576a,776.84,777.26,Okay.,"very much so. There's no community spread as far as I know, it's only people coming into the country",1
393,5f1f2cf5a441a30fa1b79b2d,777.04,804.25,"who have, who are bringing the virus in, but that everybody who is coming into being quarantined. Um, so the, the government set up, they've got a few hotels that it's all just, they're government funded and if you come in then you have to stay at the hotel for at least two weeks to see if you develop symptoms and you have to, I think, I think you have to pass like two negative tests.",Okay.,2
394,5ec8a23062738338f917576a,804.44,804.86,Okay.,"who have, who are bringing the virus in, but that everybody who is coming into being quarantined. Um, so the, the government set up, they've got a few hotels that it's all just, they're government funded and if you come in then you have to stay at the hotel for at least two weeks to see if you develop symptoms and you have to, I think, I think you have to pass like two negative tests.",1
395,5f1f2cf5a441a30fa1b79b2d,804.84,809.66,Either one or 2 negative tests. Yeah. So they're pretty strict about it.,Okay.,1
396,5ec8a23062738338f917576a,809.24,810.05,You know.,Either one or 2 negative tests. Yeah. So they're pretty strict about it.,1
397,5f1f2cf5a441a30fa1b79b2d,810.44,814.49,"So like even me coming here is kind of like a one way ticket in a way,",You know.,2
398,5ec8a23062738338f917576a,814.34,814.52,All,"So like even me coming here is kind of like a one way ticket in a way,",1
399,5f1f2cf5a441a30fa1b79b2d,814.5,814.95,like,All,1
400,5ec8a23062738338f917576a,814.52,815.56,"right,",like,1
401,5f1f2cf5a441a30fa1b79b2d,815.54,817.36,pretty hard to get go back because,"right,",1
402,5ec8a23062738338f917576a,817.34,817.68,well,pretty hard to get go back because,1
403,5f1f2cf5a441a30fa1b79b2d,817.36,817.69,there's not,well,1
404,5ec8a23062738338f917576a,817.69,818.15,let's,there's not,1
405,5f1f2cf5a441a30fa1b79b2d,817.69,818.15,many flights.,let's,1
406,5ec8a23062738338f917576a,818.64,819.36,we're gonna have to stay,many flights.,1
407,5f1f2cf5a441a30fa1b79b2d,819.14,819.55,Uh huh.,we're gonna have to stay,1
408,5ec8a23062738338f917576a,819.37,820.86,"at the hotel,",Uh huh.,1
409,5f1f2cf5a441a30fa1b79b2d,821.14,822.55,Yeah. But like,"at the hotel,",1
410,5ec8a23062738338f917576a,822.34,822.55,mm.,Yeah. But like,1
411,5f1f2cf5a441a30fa1b79b2d,823.34,828.91,"that's just like, I think there's only probably like one or two flights a day going",mm.,2
412,5ec8a23062738338f917576a,828.84,829.16,Yeah.,"that's just like, I think there's only probably like one or two flights a day going",1
413,5f1f2cf5a441a30fa1b79b2d,828.91,831.85,to a museum. Whereas usually that being dealt with this,Yeah.,1
414,5ec8a23062738338f917576a,832.14,832.65,Right.,to a museum. Whereas usually that being dealt with this,1
415,5f1f2cf5a441a30fa1b79b2d,832.44,832.86,um,Right.,1
416,5ec8a23062738338f917576a,833.04,835.46,Yeah same with India. Yeah it's pretty hard,um,1
417,5f1f2cf5a441a30fa1b79b2d,835.24,835.65,Yeah.,Yeah same with India. Yeah it's pretty hard,1
418,5ec8a23062738338f917576a,835.47,837.3,to go back right now. My brother,Yeah.,2
419,5f1f2cf5a441a30fa1b79b2d,836.94,837.44,Yeah.,to go back right now. My brother,1
420,5ec8a23062738338f917576a,837.31,844.91,is to come here for college this year and obviously they're not I mean they said that you can come if you want to but,Yeah.,2
421,5f1f2cf5a441a30fa1b79b2d,844.44,844.95,Mhm.,is to come here for college this year and obviously they're not I mean they said that you can come if you want to but,1
422,5ec8a23062738338f917576a,844.92,847.85,he would just be like in the dorm the whole time so,Mhm.,2
423,5f1f2cf5a441a30fa1b79b2d,847.84,850.29,"Yeah, it sucks. It's not a college experience.",he would just be like in the dorm the whole time so,1
424,5ec8a23062738338f917576a,850.14,850.63,I know,"Yeah, it sucks. It's not a college experience.",1
425,5f1f2cf5a441a30fa1b79b2d,850.3,850.74,Yeah.,I know,1
426,5ec8a23062738338f917576a,850.64,855.75,he's upset about it but then I just told him like it's better to just come when things are better and,Yeah.,2
427,5f1f2cf5a441a30fa1b79b2d,855.74,856.16,Mhm.,he's upset about it but then I just told him like it's better to just come when things are better and,1
428,5ec8a23062738338f917576a,856.24,857.46,yeah,Mhm.,1
429,5f1f2cf5a441a30fa1b79b2d,856.94,859.25,"So did you, did you grow up in India?",yeah,1
430,5ec8a23062738338f917576a,859.64,871.75,Um so I we grew up here my family and then I moved back when we were about where I was 13 so that was like honey 2015 or something like that,"So did you, did you grow up in India?",2
431,5f1f2cf5a441a30fa1b79b2d,872.04,872.55,Mhm.,Um so I we grew up here my family and then I moved back when we were about where I was 13 so that was like honey 2015 or something like that,1
432,5ec8a23062738338f917576a,872.47,878.93,and and then and then my I moved back for college after four years. So,Mhm.,2
433,5f1f2cf5a441a30fa1b79b2d,878.64,879.21,Okay.,and and then and then my I moved back for college after four years. So,1
434,5ec8a23062738338f917576a,878.94,879.7,yeah,Okay.,1
435,5f1f2cf5a441a30fa1b79b2d,879.22,879.74,Yeah.,yeah,1
436,5ec8a23062738338f917576a,879.71,884.25,so I've been living here most of the time but my family has been living there for like the last 10 years,Yeah.,2
437,5f1f2cf5a441a30fa1b79b2d,883.84,888.06,Mhm. Uh So you're the only one from your family in us?,so I've been living here most of the time but my family has been living there for like the last 10 years,2
438,5ec8a23062738338f917576a,888.34,889.71,right now. Yeah but I have,Mhm. Uh So you're the only one from your family in us?,1
439,5f1f2cf5a441a30fa1b79b2d,889.54,889.86,Uh huh.,right now. Yeah but I have,1
440,5ec8a23062738338f917576a,889.71,893.55,a lot of extended family and my cousin lives in new york as well and I have,Uh huh.,2
441,5f1f2cf5a441a30fa1b79b2d,893.34,894.15,"Mhm,",a lot of extended family and my cousin lives in new york as well and I have,1
442,5ec8a23062738338f917576a,893.56,895.05,family in Georgia.,"Mhm,",2
443,5f1f2cf5a441a30fa1b79b2d,895.24,896.16,mm hmm.,family in Georgia.,1
444,5ec8a23062738338f917576a,896.04,897.48,Yeah and,mm hmm.,1
445,5f1f2cf5a441a30fa1b79b2d,897.14,897.55,Yeah.,Yeah and,1
446,5ec8a23062738338f917576a,897.48,898.83,we kind of grew,Yeah.,2
447,5f1f2cf5a441a30fa1b79b2d,898.24,898.45,Mhm.,we kind of grew,1
448,5ec8a23062738338f917576a,898.83,902.55,since I grew up here it was kind of easy for me to come back. But,Mhm.,2
449,5f1f2cf5a441a30fa1b79b2d,902.24,902.56,Yeah.,since I grew up here it was kind of easy for me to come back. But,1
450,5ec8a23062738338f917576a,902.56,909.25,it's kind of weird thinking about my brother and sister coming back because it's like they haven't been here for a while so,Yeah.,2
451,5f1f2cf5a441a30fa1b79b2d,909.24,909.56,Oh,it's kind of weird thinking about my brother and sister coming back because it's like they haven't been here for a while so,1
452,5ec8a23062738338f917576a,909.26,909.57,there are a,Oh,1
453,5f1f2cf5a441a30fa1b79b2d,909.56,909.95,yeah.,there are a,1
454,5ec8a23062738338f917576a,909.57,913.45,lot more like accustomed to India than I was at the time. But,yeah.,2
455,5f1f2cf5a441a30fa1b79b2d,913.34,914.0,Right.,lot more like accustomed to India than I was at the time. But,1
456,5ec8a23062738338f917576a,914.04,914.24,yeah,Right.,1
457,5f1f2cf5a441a30fa1b79b2d,914.11,917.15,That makes sense. Yeah. So do you have dual citizenship?,yeah,1
458,5ec8a23062738338f917576a,917.94,926.95,I don't so they don't I don't think they have dual citizenship for us and India I think you can just get a green card and then you,That makes sense. Yeah. So do you have dual citizenship?,1
459,5f1f2cf5a441a30fa1b79b2d,926.84,927.26,"Oh,",I don't so they don't I don't think they have dual citizenship for us and India I think you can just get a green card and then you,1
460,5ec8a23062738338f917576a,926.95,928.23,have to apply,"Oh,",1
461,5f1f2cf5a441a30fa1b79b2d,928.14,928.46,"Uh huh,",have to apply,1
462,5ec8a23062738338f917576a,928.23,930.77,to be a citizen here which I might do if,"Uh huh,",2
463,5f1f2cf5a441a30fa1b79b2d,930.74,931.15,"Yeah,",to be a citizen here which I might do if,1
464,5ec8a23062738338f917576a,930.77,933.76,I like getting a job and stuff but right now I just have a green card.,"Yeah,",2
465,5f1f2cf5a441a30fa1b79b2d,934.14,936.96,"Oh and at that last for your lifetime,",I like getting a job and stuff but right now I just have a green card.,1
466,5ec8a23062738338f917576a,937.54,938.81,Um No,"Oh and at that last for your lifetime,",1
467,5f1f2cf5a441a30fa1b79b2d,938.34,939.08,that's her?,Um No,2
468,5ec8a23062738338f917576a,938.82,940.06,so we have to renew it,that's her?,2
469,5f1f2cf5a441a30fa1b79b2d,939.74,940.06,Mhm.,so we have to renew it,1
470,5ec8a23062738338f917576a,940.44,942.64,and I think mine is about to expire in,Mhm.,2
471,5f1f2cf5a441a30fa1b79b2d,942.54,942.96,Mhm.,and I think mine is about to expire in,1
472,5ec8a23062738338f917576a,942.64,948.56,"like a year so I might, what I what I might do is apply for citizenship before it expires. Um",Mhm.,2
473,5f1f2cf5a441a30fa1b79b2d,948.14,948.55,"Yeah,","like a year so I might, what I what I might do is apply for citizenship before it expires. Um",1
474,5ec8a23062738338f917576a,949.04,951.53,I like otherwise I would just renew it in,"Yeah,",2
475,5f1f2cf5a441a30fa1b79b2d,951.44,952.16,yep.,I like otherwise I would just renew it in,1
476,5ec8a23062738338f917576a,951.53,953.15,that last for another seven years.,yep.,3
477,5f1f2cf5a441a30fa1b79b2d,953.54,954.39,"Oh cool,",that last for another seven years.,1
478,5ec8a23062738338f917576a,954.24,954.65,Yeah.,"Oh cool,",1
479,5f1f2cf5a441a30fa1b79b2d,954.4,961.12,and is that like a fairly automatic process that you just fill out a form and it's pretty much guaranteed or,Yeah.,2
480,5ec8a23062738338f917576a,960.94,961.65,Person,and is that like a fairly automatic process that you just fill out a form and it's pretty much guaranteed or,3
481,5f1f2cf5a441a30fa1b79b2d,961.12,961.66,do they,Person,1
482,5ec8a23062738338f917576a,961.81,962.86,or a green card.,do they,1
483,5f1f2cf5a441a30fa1b79b2d,963.04,964.96,green card if you already have one?,or a green card.,1
484,5ec8a23062738338f917576a,965.34,968.33,Um I'll go for the renewal. Um I actually,green card if you already have one?,2
485,5f1f2cf5a441a30fa1b79b2d,968.14,968.55,"Yeah,",Um I'll go for the renewal. Um I actually,1
486,5ec8a23062738338f917576a,968.33,978.2,"don't know because the last time I renewed it I was like pretty young so I don't really remember. Yeah, so I guess I'll find out. Hopefully it's not too hard. I know","Yeah,",2
487,5f1f2cf5a441a30fa1b79b2d,978.04,978.55,true.,"don't know because the last time I renewed it I was like pretty young so I don't really remember. Yeah, so I guess I'll find out. Hopefully it's not too hard. I know",1
488,5ec8a23062738338f917576a,978.2,981.76,"that getting the green card was a long process though, so",true.,2
489,5f1f2cf5a441a30fa1b79b2d,981.74,982.16,"Right,","that getting the green card was a long process though, so",1
490,5ec8a23062738338f917576a,982.34,982.75,"Yeah,","Right,",1
491,5f1f2cf5a441a30fa1b79b2d,982.84,983.25,"Yeah,","Yeah,",1
492,5ec8a23062738338f917576a,983.54,985.25,hopefully renewing it wouldn't be that bad.,"Yeah,",2
493,5f1f2cf5a441a30fa1b79b2d,985.84,986.64,"yeah, yeah,",hopefully renewing it wouldn't be that bad.,1
494,5ec8a23062738338f917576a,986.34,989.46,Are you a citizen of the UK or of new Zealand?,"yeah, yeah,",2
495,5f1f2cf5a441a30fa1b79b2d,989.74,990.55,"um both,",Are you a citizen of the UK or of new Zealand?,1
496,5ec8a23062738338f917576a,990.74,991.16,Okay.,"um both,",1
497,5f1f2cf5a441a30fa1b79b2d,991.54,991.91,"yeah,",Okay.,1
498,5ec8a23062738338f917576a,991.84,992.29,Yeah.,"yeah,",1
499,5f1f2cf5a441a30fa1b79b2d,991.91,998.56,"yeah, I won because my parents are from new Zealand, so I got new Zealand citizenship by descent",Yeah.,2
500,5ec8a23062738338f917576a,998.94,999.26,Oh,"yeah, I won because my parents are from new Zealand, so I got new Zealand citizenship by descent",1
501,5f1f2cf5a441a30fa1b79b2d,998.94,1006.02,"and then I got uh british citizenship by birth, right? Because I was born there and lived",Oh,2
502,5ec8a23062738338f917576a,1005.94,1006.57,right.,"and then I got uh british citizenship by birth, right? Because I was born there and lived",1
503,5f1f2cf5a441a30fa1b79b2d,1006.03,1009.16,"there, my parents were living there at the time.",right.,2
504,5ec8a23062738338f917576a,1009.64,1010.66,Gotcha. Okay.,"there, my parents were living there at the time.",1
505,5f1f2cf5a441a30fa1b79b2d,1010.64,1021.07,"Yeah, so and which I mean the UK citizenship was like so good when you, when you could just like freeze throughout europe, but now",Gotcha. Okay.,2
506,5ec8a23062738338f917576a,1021.04,1021.86,Yeah.,"Yeah, so and which I mean the UK citizenship was like so good when you, when you could just like freeze throughout europe, but now",1
507,5f1f2cf5a441a30fa1b79b2d,1021.07,1022.26,you can't,Yeah.,1
508,5ec8a23062738338f917576a,1021.86,1022.66,I know I was,you can't,2
509,5f1f2cf5a441a30fa1b79b2d,1022.64,1022.85,mm.,I know I was,1
510,5ec8a23062738338f917576a,1022.66,1029.24,"just thinking about that because we were actually, I mean obviously now we're not but we're planning to go to Italy this summer and",mm.,2
511,5f1f2cf5a441a30fa1b79b2d,1028.84,1029.34,"Yeah,","just thinking about that because we were actually, I mean obviously now we're not but we're planning to go to Italy this summer and",1
512,5ec8a23062738338f917576a,1029.25,1034.3,I was just thinking like because I was going to visit my friend in the UK when we were planning,"Yeah,",2
513,5f1f2cf5a441a30fa1b79b2d,1033.94,1034.35,"yeah,",I was just thinking like because I was going to visit my friend in the UK when we were planning,1
514,5ec8a23062738338f917576a,1034.31,1040.07,"but now it would just be like so much harder especially because I'm not even american citizen, I'm an indian","yeah,",2
515,5f1f2cf5a441a30fa1b79b2d,1040.04,1040.45,yeah.,"but now it would just be like so much harder especially because I'm not even american citizen, I'm an indian",1
516,5ec8a23062738338f917576a,1040.07,1043.37,citizen that makes it harder to get a visa and,yeah.,2
517,5f1f2cf5a441a30fa1b79b2d,1042.74,1043.36,"Right,",citizen that makes it harder to get a visa and,1
518,5ec8a23062738338f917576a,1043.38,1045.93,then I'll have to get to visa just,"Right,",1
519,5f1f2cf5a441a30fa1b79b2d,1045.74,1046.03,"yeah,",then I'll have to get to visa just,1
520,5ec8a23062738338f917576a,1045.93,1046.09,like,"yeah,",1
521,5f1f2cf5a441a30fa1b79b2d,1046.04,1046.46,"exactly,",like,1
522,5ec8a23062738338f917576a,1046.1,1047.56,a lot more.,"exactly,",2
523,5f1f2cf5a441a30fa1b79b2d,1048.24,1056.71,I don't know all the ins and outs about like how much more difficult it is now to travel between,a lot more.,2
524,5ec8a23062738338f917576a,1055.84,1056.46,Yeah.,I don't know all the ins and outs about like how much more difficult it is now to travel between,1
525,5f1f2cf5a441a30fa1b79b2d,1056.72,1069.06,"the UK and the rest of europe. Um But um definitely the working, just like the working aspect in living aspect I think is a lot harder.",Yeah.,2
526,5ec8a23062738338f917576a,1069.44,1069.85,Yeah.,"the UK and the rest of europe. Um But um definitely the working, just like the working aspect in living aspect I think is a lot harder.",1
527,5f1f2cf5a441a30fa1b79b2d,1069.54,1073.4,"Um You know, you can just automatically you got a problem",Yeah.,1
528,5ec8a23062738338f917576a,1073.04,1073.27,What?,"Um You know, you can just automatically you got a problem",1
529,5f1f2cf5a441a30fa1b79b2d,1073.4,1073.7,since,What?,3
530,5ec8a23062738338f917576a,1073.64,1074.36,What?,since,1
531,5f1f2cf5a441a30fa1b79b2d,1073.7,1075.16,about what,What?,1
532,5ec8a23062738338f917576a,1074.94,1075.35,Yeah.,about what,1
533,5f1f2cf5a441a30fa1b79b2d,1075.17,1075.95,what's shown.,Yeah.,1
534,5ec8a23062738338f917576a,1076.34,1077.06,Mhm.,what's shown.,1
535,5f1f2cf5a441a30fa1b79b2d,1076.74,1091.73,"Yeah, I didn't actually realize. But um it wasn't until after I finished my degree. Um then I realized this places in europe which I could have gone to and got on university for free just",Mhm.,2
536,5ec8a23062738338f917576a,1090.74,1091.85,"Oh right,","Yeah, I didn't actually realize. But um it wasn't until after I finished my degree. Um then I realized this places in europe which I could have gone to and got on university for free just",1
537,5f1f2cf5a441a30fa1b79b2d,1091.74,1093.46,from being an EU sort of them.,"Oh right,",2
538,5ec8a23062738338f917576a,1094.04,1094.67,okay.,from being an EU sort of them.,1
539,5f1f2cf5a441a30fa1b79b2d,1095.04,1098.01,"Yeah, so like there's perks like that as well to belong",okay.,2
540,5ec8a23062738338f917576a,1097.74,1098.21,One at,"Yeah, so like there's perks like that as well to belong",1
541,5f1f2cf5a441a30fa1b79b2d,1098.01,1098.21,to the,One at,1
542,5ec8a23062738338f917576a,1098.21,1098.36,it.,to the,1
543,5f1f2cf5a441a30fa1b79b2d,1098.21,1098.93,heat which,it.,2
544,5ec8a23062738338f917576a,1098.84,1099.55,Uh huh.,heat which,1
545,5f1f2cf5a441a30fa1b79b2d,1098.93,1101.76,now anyone from the UK doesn't get any more.,Uh huh.,1
546,5ec8a23062738338f917576a,1102.54,1105.45,Right. That's too bad.,now anyone from the UK doesn't get any more.,1
547,5f1f2cf5a441a30fa1b79b2d,1105.74,1106.45,Yeah.,Right. That's too bad.,1
548,5ec8a23062738338f917576a,1106.34,1107.86,But yeah,Yeah.,1
549,5f1f2cf5a441a30fa1b79b2d,1108.44,1110.55,Yeah. So I am,But yeah,1
550,5ec8a23062738338f917576a,1110.24,1110.96,move on.,Yeah. So I am,1
551,5f1f2cf5a441a30fa1b79b2d,1111.24,1123.77,"yeah, countries, I'm sorry, so you don't have to be. So it's just that we come through.",move on.,2
552,5ec8a23062738338f917576a,1123.34,1124.56,How are you today?,"yeah, countries, I'm sorry, so you don't have to be. So it's just that we come through.",1
553,5f1f2cf5a441a30fa1b79b2d,1124.54,1125.16,"Yeah,",How are you today?,1
554,5ec8a23062738338f917576a,1124.94,1127.36,Have you traveled around europe like before?,"Yeah,",2
555,5f1f2cf5a441a30fa1b79b2d,1128.14,1139.44,"I've been to a few countries maybe like three or 4. I've been to France just because it's literally across across the ditch,",Have you traveled around europe like before?,2
556,5ec8a23062738338f917576a,1139.24,1139.66,All right.,"I've been to a few countries maybe like three or 4. I've been to France just because it's literally across across the ditch,",1
557,5f1f2cf5a441a30fa1b79b2d,1139.45,1142.46,we can see it from some parts of England.,All right.,2
558,5ec8a23062738338f917576a,1142.54,1143.86,Oh really? That's cool.,we can see it from some parts of England.,1
559,5f1f2cf5a441a30fa1b79b2d,1143.64,1150.66,"Yeah, so I've been there a couple of times and then I've been to Italy and Greece",Oh really? That's cool.,2
560,5ec8a23062738338f917576a,1150.84,1151.26,Okay.,"Yeah, so I've been there a couple of times and then I've been to Italy and Greece",1
561,5f1f2cf5a441a30fa1b79b2d,1151.04,1153.45,and that's,Okay.,1
562,5ec8a23062738338f917576a,1153.04,1153.27,Yeah.,and that's,1
563,5f1f2cf5a441a30fa1b79b2d,1153.84,1156.0,"yeah, I think that's the only ones, so",Yeah.,1
564,5ec8a23062738338f917576a,1155.94,1156.17,Oh,"yeah, I think that's the only ones, so",1
565,5f1f2cf5a441a30fa1b79b2d,1156.0,1158.27,not not much of central europe at all.,Oh,3
566,5ec8a23062738338f917576a,1158.54,1158.67,all,not not much of central europe at all.,1
567,5f1f2cf5a441a30fa1b79b2d,1158.64,1159.27,Um,all,1
568,5ec8a23062738338f917576a,1158.67,1158.86,right.,Um,1
569,5f1f2cf5a441a30fa1b79b2d,1159.64,1159.87,It's,right.,1
570,5ec8a23062738338f917576a,1159.84,1160.04,Yeah.,It's,1
571,5f1f2cf5a441a30fa1b79b2d,1159.87,1162.67,like so many countries in there.,Yeah.,1
572,5ec8a23062738338f917576a,1162.94,1163.56,Yeah,like so many countries in there.,1
573,5f1f2cf5a441a30fa1b79b2d,1164.24,1164.76,"All right,",Yeah,1
574,5ec8a23062738338f917576a,1164.54,1165.05,Now,"All right,",1
575,5f1f2cf5a441a30fa1b79b2d,1164.77,1165.67,so,Now,1
576,5ec8a23062738338f917576a,1165.06,1168.95,there will be two months too many to visit in like one trip,so,2
577,5f1f2cf5a441a30fa1b79b2d,1169.24,1173.86,"Yeah, honestly, I think it's like 30, 20 or 30 odd countries in Europe,",there will be two months too many to visit in like one trip,2
578,5ec8a23062738338f917576a,1174.24,1174.77,and then,"Yeah, honestly, I think it's like 30, 20 or 30 odd countries in Europe,",1
579,5f1f2cf5a441a30fa1b79b2d,1174.64,1177.36,"like, like this so small, some of them.",and then,1
580,5ec8a23062738338f917576a,1177.34,1177.96,"yeah,","like, like this so small, some of them.",1
581,5f1f2cf5a441a30fa1b79b2d,1177.74,1178.15,Uh huh.,"yeah,",1
582,5ec8a23062738338f917576a,1178.54,1179.14,I think Italy,Uh huh.,2
583,5f1f2cf5a441a30fa1b79b2d,1179.04,1179.27,Mm,I think Italy,1
584,5ec8a23062738338f917576a,1179.14,1182.05,is definitely at the top of my list and then come in. Portugal,Mm,2
585,5f1f2cf5a441a30fa1b79b2d,1181.54,1184.17,"Yeah. Yeah. Yeah,",is definitely at the top of my list and then come in. Portugal,1
586,5ec8a23062738338f917576a,1183.64,1184.06,political.,"Yeah. Yeah. Yeah,",1
587,5f1f2cf5a441a30fa1b79b2d,1184.18,1186.46,whereabouts whereabouts in Italy? Where you think you've gone?,political.,2
588,5ec8a23062738338f917576a,1186.74,1187.39,So we were gonna,whereabouts whereabouts in Italy? Where you think you've gone?,1
589,5f1f2cf5a441a30fa1b79b2d,1187.24,1187.45,Okay.,So we were gonna,1
590,5ec8a23062738338f917576a,1187.4,1194.81,"go, my sister dances so she got into this like dance world cup thing in Milan. So",Okay.,2
591,5f1f2cf5a441a30fa1b79b2d,1194.64,1195.65,Yeah.,"go, my sister dances so she got into this like dance world cup thing in Milan. So",1
592,5ec8a23062738338f917576a,1194.81,1196.37,we're going to go there and then just travel,Yeah.,2
593,5f1f2cf5a441a30fa1b79b2d,1196.04,1196.54,Yeah.,we're going to go there and then just travel,1
594,5ec8a23062738338f917576a,1196.37,1199.07,around. I don't know.,Yeah.,2
595,5f1f2cf5a441a30fa1b79b2d,1198.34,1198.75,Uh huh.,around. I don't know.,1
596,5ec8a23062738338f917576a,1199.08,1202.82,"I'm honestly, I don't know too much about the geography. So I would really go",Uh huh.,2
597,5f1f2cf5a441a30fa1b79b2d,1202.74,1203.15,"Yeah,","I'm honestly, I don't know too much about the geography. So I would really go",1
598,5ec8a23062738338f917576a,1202.82,1204.25,anywhere. Obviously we're,"Yeah,",2
599,5f1f2cf5a441a30fa1b79b2d,1204.04,1204.46,true.,anywhere. Obviously we're,1
600,5ec8a23062738338f917576a,1204.25,1210.63,home and um I have a cousin who goes to med school in Italy so probably visit her where she goes.,true.,2
601,5f1f2cf5a441a30fa1b79b2d,1210.44,1211.06,Yeah.,home and um I have a cousin who goes to med school in Italy so probably visit her where she goes.,1
602,5ec8a23062738338f917576a,1210.85,1211.36,So,Yeah.,1
603,5f1f2cf5a441a30fa1b79b2d,1212.14,1219.97,"Oh yeah, I went, yeah, I went to Milan just for a day, it was like the last day about trip where you ended up in Milan.",So,2
604,5ec8a23062738338f917576a,1220.24,1220.66,Okay.,"Oh yeah, I went, yeah, I went to Milan just for a day, it was like the last day about trip where you ended up in Milan.",1
605,5f1f2cf5a441a30fa1b79b2d,1220.54,1233.46,Um and it's like right up the north of Italy um It's like where the border with the border between Italy and I think Switzerland is like the swiss alps run across the top.,Okay.,2
606,5ec8a23062738338f917576a,1233.94,1234.56,Okay.,Um and it's like right up the north of Italy um It's like where the border with the border between Italy and I think Switzerland is like the swiss alps run across the top.,1
607,5f1f2cf5a441a30fa1b79b2d,1234.94,1236.49,"Yes, so Milan's beautiful, like",Okay.,2
608,5ec8a23062738338f917576a,1236.44,1237.06,Oh,"Yes, so Milan's beautiful, like",1
609,5f1f2cf5a441a30fa1b79b2d,1236.49,1237.94,you have the mountains in the back,Oh,2
610,5ec8a23062738338f917576a,1237.64,1238.44,yeah.,you have the mountains in the back,1
611,5f1f2cf5a441a30fa1b79b2d,1237.95,1238.36,of the back.,yeah.,1
612,5ec8a23062738338f917576a,1239.14,1239.74,Mm,of the back.,1
613,5f1f2cf5a441a30fa1b79b2d,1239.24,1240.82,"Yes, very",Mm,1
614,5ec8a23062738338f917576a,1240.74,1241.65,But,"Yes, very",3
615,5f1f2cf5a441a30fa1b79b2d,1240.82,1241.17,cool.,But,1
616,5ec8a23062738338f917576a,1241.65,1244.87,I think like was it around Milan where,cool.,2
617,5f1f2cf5a441a30fa1b79b2d,1244.44,1244.77,Mhm.,I think like was it around Milan where,1
618,5ec8a23062738338f917576a,1244.88,1245.63,the outbreak,Mhm.,3
619,5f1f2cf5a441a30fa1b79b2d,1245.24,1245.45,Mhm.,the outbreak,1
620,5ec8a23062738338f917576a,1245.63,1247.56,"happened? I think it was,",Mhm.,2
621,5f1f2cf5a441a30fa1b79b2d,1247.84,1249.55,I uh,"happened? I think it was,",1
622,5ec8a23062738338f917576a,1248.94,1257.45,"would you? So ironic because I can't remember where it was but I just remember knowing seeing like exactly where we're supposed to go, that's where the first",I uh,2
623,5f1f2cf5a441a30fa1b79b2d,1257.34,1257.66,Oh,"would you? So ironic because I can't remember where it was but I just remember knowing seeing like exactly where we're supposed to go, that's where the first",1
624,5ec8a23062738338f917576a,1257.45,1257.78,area,Oh,3
625,5f1f2cf5a441a30fa1b79b2d,1257.67,1258.17,yeah.,area,1
626,5ec8a23062738338f917576a,1257.78,1260.06,"was shut down and I was like, wow, they really hate",yeah.,2
627,5f1f2cf5a441a30fa1b79b2d,1259.94,1260.27,Mhm.,"was shut down and I was like, wow, they really hate",1
628,5ec8a23062738338f917576a,1260.06,1261.65,me.,Mhm.,1
629,5f1f2cf5a441a30fa1b79b2d,1261.54,1262.18,They're,me.,1
630,5ec8a23062738338f917576a,1261.66,1262.49,We'll go,They're,1
631,5f1f2cf5a441a30fa1b79b2d,1262.18,1263.06,all,We'll go,1
632,5ec8a23062738338f917576a,1262.49,1263.36,to your old,all,3
633,5f1f2cf5a441a30fa1b79b2d,1264.04,1264.54,"yeah,",to your old,1
634,5ec8a23062738338f917576a,1264.59,1267.22,someday. I will. But,"yeah,",2
635,5f1f2cf5a441a30fa1b79b2d,1266.84,1267.34,"Yeah,",someday. I will. But,1
636,5ec8a23062738338f917576a,1267.23,1267.55,um,"Yeah,",1
637,5f1f2cf5a441a30fa1b79b2d,1267.35,1268.51,sure it's,um,1
638,5ec8a23062738338f917576a,1268.14,1268.46,yeah.,sure it's,1
639,5f1f2cf5a441a30fa1b79b2d,1268.51,1271.16,"a it's a really, really cool place um",yeah.,2
640,5ec8a23062738338f917576a,1271.04,1271.27,Okay.,"a it's a really, really cool place um",1
641,5f1f2cf5a441a30fa1b79b2d,1271.54,1281.04,"particularly a bit further south, like um I like just south of Milan, I really like Florence. Um It's",Okay.,2
642,5ec8a23062738338f917576a,1280.74,1280.95,Two,"particularly a bit further south, like um I like just south of Milan, I really like Florence. Um It's",1
643,5f1f2cf5a441a30fa1b79b2d,1281.05,1288.2,"I think it's like a I'm not sure it's cool, like a bit of province or it's okay territory, I think it's a province",Two,2
644,5ec8a23062738338f917576a,1287.94,1288.17,Yeah.,"I think it's like a I'm not sure it's cool, like a bit of province or it's okay territory, I think it's a province",1
645,5f1f2cf5a441a30fa1b79b2d,1288.21,1296.43,"and I think it's north of right and it's beautiful, beautiful country like",Yeah.,2
646,5ec8a23062738338f917576a,1296.04,1296.36,Yes.,"and I think it's north of right and it's beautiful, beautiful country like",1
647,5f1f2cf5a441a30fa1b79b2d,1296.43,1299.06,countries I think Tuscany is in Florence,Yes.,2
648,5ec8a23062738338f917576a,1299.34,1300.27,Are,countries I think Tuscany is in Florence,1
649,5f1f2cf5a441a30fa1b79b2d,1299.64,1300.69,um and that's,Are,1
650,5ec8a23062738338f917576a,1300.64,1301.3,do,um and that's,1
651,5f1f2cf5a441a30fa1b79b2d,1300.69,1301.05,like,do,1
652,5ec8a23062738338f917576a,1301.3,1305.32,"you know that like cliffside city? That's, I think it's like sink.",like,2
653,5f1f2cf5a441a30fa1b79b2d,1305.14,1305.34,"yeah,","you know that like cliffside city? That's, I think it's like sink.",1
654,5ec8a23062738338f917576a,1305.33,1308.17,Tehran probably saying that wrong. But,"yeah,",2
655,5f1f2cf5a441a30fa1b79b2d,1307.94,1309.56,the inca terra,Tehran probably saying that wrong. But,1
656,5ec8a23062738338f917576a,1309.34,1310.17,"yeah, that,",the inca terra,1
657,5f1f2cf5a441a30fa1b79b2d,1310.24,1310.95,yeah.,"yeah, that,",1
658,5ec8a23062738338f917576a,1310.94,1314.32,that's okay. That was one place I was planning to go to because it used,yeah.,2
659,5f1f2cf5a441a30fa1b79b2d,1314.24,1314.56,Uh huh.,that's okay. That was one place I was planning to go to because it used,1
660,5ec8a23062738338f917576a,1314.32,1317.87,to be when I was like a kid that used to be my desktop background because I saw,Uh huh.,2
661,5f1f2cf5a441a30fa1b79b2d,1317.64,1318.06,Mhm.,to be when I was like a kid that used to be my desktop background because I saw,1
662,5ec8a23062738338f917576a,1317.88,1325.78,"a picture on like tumbler and I was like, that's so pretty and made up my desktop background. I had no idea where it was until recently when someone told",Mhm.,2
663,5f1f2cf5a441a30fa1b79b2d,1325.74,1326.06,One,"a picture on like tumbler and I was like, that's so pretty and made up my desktop background. I had no idea where it was until recently when someone told",1
664,5ec8a23062738338f917576a,1325.78,1327.09,me and,One,1
665,5f1f2cf5a441a30fa1b79b2d,1326.74,1327.27,Right?,me and,1
666,5ec8a23062738338f917576a,1327.1,1328.67,I need to go there.,Right?,2
667,5f1f2cf5a441a30fa1b79b2d,1328.84,1329.81,Yeah. Yeah.,I need to go there.,1
668,5ec8a23062738338f917576a,1329.64,1329.88,They,Yeah. Yeah.,1
669,5f1f2cf5a441a30fa1b79b2d,1329.82,1330.74,"Yeah,",They,1
670,5ec8a23062738338f917576a,1329.89,1330.27,are.,"Yeah,",1
671,5f1f2cf5a441a30fa1b79b2d,1330.75,1334.96,"I think there's like five, it's like five pills that you can walk.",are.,2
672,5ec8a23062738338f917576a,1335.14,1336.25,Yeah. Yeah.,"I think there's like five, it's like five pills that you can walk.",1
673,5f1f2cf5a441a30fa1b79b2d,1336.14,1336.87,Then,Yeah. Yeah.,1
674,5ec8a23062738338f917576a,1336.63,1337.45,That,Then,1
675,5f1f2cf5a441a30fa1b79b2d,1336.87,1339.32,it's like a little little towns in between,That,2
676,5ec8a23062738338f917576a,1339.14,1339.56,right.,it's like a little little towns in between,1
677,5f1f2cf5a441a30fa1b79b2d,1339.32,1339.86,them I think.,right.,1
678,5ec8a23062738338f917576a,1340.14,1340.67,Yeah.,them I think.,1
679,5f1f2cf5a441a30fa1b79b2d,1341.04,1342.81,"Um Yeah, it looks beautiful.",Yeah.,1
680,5ec8a23062738338f917576a,1342.44,1343.4,What's more,"Um Yeah, it looks beautiful.",1
681,5f1f2cf5a441a30fa1b79b2d,1342.81,1343.41,I just,What's more,1
682,5ec8a23062738338f917576a,1343.4,1343.76,"than,",I just,1
683,5f1f2cf5a441a30fa1b79b2d,1343.42,1345.66,I think so. I haven't actually been.,"than,",2
684,5ec8a23062738338f917576a,1345.84,1347.43,Yeah. But,I think so. I haven't actually been.,1
685,5f1f2cf5a441a30fa1b79b2d,1346.94,1347.26,Yeah.,Yeah. But,1
686,5ec8a23062738338f917576a,1347.7,1348.26,yeah.,Yeah.,1
687,5f1f2cf5a441a30fa1b79b2d,1348.74,1349.75,Yeah.,yeah.,1
688,5ec8a23062738338f917576a,1349.74,1350.45,Yeah.,Yeah.,1
689,5f1f2cf5a441a30fa1b79b2d,1350.24,1353.36,"Yeah. Grace, Grace is awesome as well. Um",Yeah.,1
690,5ec8a23062738338f917576a,1353.34,1353.85,Okay.,"Yeah. Grace, Grace is awesome as well. Um",1
691,5f1f2cf5a441a30fa1b79b2d,1354.34,1369.26,"Really like, I don't know if you know much about three, so I don't know too much but um their economy is like really just like down in the dumps. So like anything of Greece when I think of Greece I think of their history and like",Okay.,2
692,5ec8a23062738338f917576a,1369.04,1369.67,Mm hmm.,"Really like, I don't know if you know much about three, so I don't know too much but um their economy is like really just like down in the dumps. So like anything of Greece when I think of Greece I think of their history and like",1
693,5f1f2cf5a441a30fa1b79b2d,1369.64,1371.21,the ancient Greeks and,Mm hmm.,1
694,5ec8a23062738338f917576a,1371.04,1371.51,Right.,the ancient Greeks and,1
695,5f1f2cf5a441a30fa1b79b2d,1371.22,1371.52,um,Right.,1
696,5ec8a23062738338f917576a,1371.52,1371.84,Yeah.,um,1
697,5f1f2cf5a441a30fa1b79b2d,1371.53,1373.59,like like democracy,Yeah.,1
698,5ec8a23062738338f917576a,1373.24,1373.45,"Look,",like like democracy,1
699,5f1f2cf5a441a30fa1b79b2d,1373.59,1380.02,and um philosophy and you think of it as kind of like being this,"Look,",2
700,5ec8a23062738338f917576a,1379.74,1379.94,Yeah.,and um philosophy and you think of it as kind of like being this,1
701,5f1f2cf5a441a30fa1b79b2d,1380.03,1383.31,ancient golden spot. But,Yeah.,2
702,5ec8a23062738338f917576a,1383.14,1383.35,Mhm.,ancient golden spot. But,1
703,5f1f2cf5a441a30fa1b79b2d,1383.31,1385.83,then when you go there it's like especially,Mhm.,2
704,5ec8a23062738338f917576a,1384.74,1384.94,Yeah.,then when you go there it's like especially,1
705,5f1f2cf5a441a30fa1b79b2d,1385.83,1393.92,Athens which is where we went there so run down like abandoned buildings everywhere like while,Yeah.,2
706,5ec8a23062738338f917576a,1393.84,1394.17,"Well,",Athens which is where we went there so run down like abandoned buildings everywhere like while,1
707,5f1f2cf5a441a30fa1b79b2d,1393.93,1398.06,wild dogs running around totally different kind of,"Well,",2
708,5ec8a23062738338f917576a,1397.74,1398.67,Oh wow.,wild dogs running around totally different kind of,1
709,5f1f2cf5a441a30fa1b79b2d,1398.54,1403.87,"city life. But then if you are in the country and like look at the temples and the ruins, then it's",Oh wow.,2
710,5ec8a23062738338f917576a,1403.74,1403.94,Yeah.,"city life. But then if you are in the country and like look at the temples and the ruins, then it's",1
711,5f1f2cf5a441a30fa1b79b2d,1403.87,1404.86,then it's amazing.,Yeah.,1
712,5ec8a23062738338f917576a,1405.24,1407.0,"Okay, interesting. Yeah, I didn't",then it's amazing.,1
713,5f1f2cf5a441a30fa1b79b2d,1406.84,1407.34,Yeah.,"Okay, interesting. Yeah, I didn't",1
714,5ec8a23062738338f917576a,1407.0,1415.36,"know about that I guess. Yeah. I've never, like, I think I probably learned about ancient Greece but definitely not like anything about the modern times.",Yeah.,2
715,5f1f2cf5a441a30fa1b79b2d,1415.94,1418.76,Yeah. Their economies like so bad.,"know about that I guess. Yeah. I've never, like, I think I probably learned about ancient Greece but definitely not like anything about the modern times.",1
716,5ec8a23062738338f917576a,1418.04,1418.67,Mhm.,Yeah. Their economies like so bad.,1
717,5f1f2cf5a441a30fa1b79b2d,1419.14,1420.27,Yeah.,Mhm.,1
718,5ec8a23062738338f917576a,1419.44,1420.36,What?,Yeah.,1
719,5f1f2cf5a441a30fa1b79b2d,1420.74,1425.24,Um Yeah. So if you do what agrees go to it for like the ancient sites,What?,1
720,5ec8a23062738338f917576a,1425.14,1425.34,Yeah.,Um Yeah. So if you do what agrees go to it for like the ancient sites,1
721,5f1f2cf5a441a30fa1b79b2d,1425.25,1425.86,and like,Yeah.,1
722,5ec8a23062738338f917576a,1425.74,1426.27,Okay.,and like,1
723,5f1f2cf5a441a30fa1b79b2d,1426.24,1430.16,the landscape. Yeah. Because they are beautiful like all the old temples.,Okay.,2
724,5ec8a23062738338f917576a,1430.14,1430.42,It,the landscape. Yeah. Because they are beautiful like all the old temples.,1
725,5f1f2cf5a441a30fa1b79b2d,1430.17,1430.67,Um,It,1
726,5ec8a23062738338f917576a,1430.43,1430.77,is.,Um,1
727,5f1f2cf5a441a30fa1b79b2d,1431.54,1435.53,God I don't think you will find much in the way of city,is.,2
728,5ec8a23062738338f917576a,1435.24,1435.45,Mhm.,God I don't think you will find much in the way of city,1
729,5f1f2cf5a441a30fa1b79b2d,1435.53,1436.26,life.,Mhm.,1
730,5ec8a23062738338f917576a,1436.34,1443.57,"Right. It's so crazy to me that like in europe you can be driving for a couple hours and be in another country, whereas he",life.,2
731,5f1f2cf5a441a30fa1b79b2d,1443.34,1443.75,Yeah.,"Right. It's so crazy to me that like in europe you can be driving for a couple hours and be in another country, whereas he",1
732,5ec8a23062738338f917576a,1443.58,1447.17,drive for a few hours and you're like in the middle of nowhere.,Yeah.,2
733,5f1f2cf5a441a30fa1b79b2d,1446.14,1448.2,And yeah.,drive for a few hours and you're like in the middle of nowhere.,1
734,5ec8a23062738338f917576a,1447.54,1448.24,I,And yeah.,1
735,5f1f2cf5a441a30fa1b79b2d,1448.21,1448.77,And,I,1
736,5ec8a23062738338f917576a,1448.25,1450.06,would never mcdonald,And,1
737,5f1f2cf5a441a30fa1b79b2d,1450.24,1453.33,yeah.,would never mcdonald,1
738,5ec8a23062738338f917576a,1451.04,1453.36,one. But,yeah.,1
739,5f1f2cf5a441a30fa1b79b2d,1453.34,1455.06,In the same state often that,one. But,2
740,5ec8a23062738338f917576a,1455.14,1457.13,"Oh yeah, yeah, sure.",In the same state often that,1
741,5f1f2cf5a441a30fa1b79b2d,1456.94,1457.44,Yeah.,"Oh yeah, yeah, sure.",1
742,5ec8a23062738338f917576a,1457.14,1460.86,Especially if you like live in florida or California or something.,Yeah.,2
743,5f1f2cf5a441a30fa1b79b2d,1461.04,1462.31,Yeah.,Especially if you like live in florida or California or something.,1
744,5ec8a23062738338f917576a,1461.74,1462.36,Right.,Yeah.,1
745,5f1f2cf5a441a30fa1b79b2d,1462.32,1466.56,And me out of Rhode island and in an hour,Right.,2
746,5ec8a23062738338f917576a,1465.94,1467.11,Okay. Word islands,And me out of Rhode island and in an hour,1
747,5f1f2cf5a441a30fa1b79b2d,1466.94,1467.27,"Right,",Okay. Word islands,1
748,5ec8a23062738338f917576a,1467.12,1467.51,is not,"Right,",1
749,5f1f2cf5a441a30fa1b79b2d,1467.48,1467.96,okay.,is not,1
750,5ec8a23062738338f917576a,1467.51,1470.35,the smallest or is it Delaware? No Rhode island's the smallest.,okay.,2
751,5f1f2cf5a441a30fa1b79b2d,1470.14,1471.27,Right on lost.,the smallest or is it Delaware? No Rhode island's the smallest.,1
752,5ec8a23062738338f917576a,1470.84,1471.17,Okay.,Right on lost.,1
753,5f1f2cf5a441a30fa1b79b2d,1471.27,1471.54,Yeah.,Okay.,1
754,5ec8a23062738338f917576a,1471.64,1472.86,Yeah.,Yeah.,1
755,5f1f2cf5a441a30fa1b79b2d,1472.74,1475.26,It's tiny. Yeah.,Yeah.,1
756,5ec8a23062738338f917576a,1474.74,1479.27,Yeah. That's that's probably like the size of some of the countries in your.,It's tiny. Yeah.,2
757,5f1f2cf5a441a30fa1b79b2d,1479.54,1480.46,Yeah.,Yeah. That's that's probably like the size of some of the countries in your.,1
758,5ec8a23062738338f917576a,1479.64,1481.77,"Oh right,",Yeah.,1
759,5f1f2cf5a441a30fa1b79b2d,1481.54,1486.66,"Yeah, pushing off those tiny ones I think like like Luxembourg and","Oh right,",3
760,5ec8a23062738338f917576a,1487.14,1487.38,I'll,"Yeah, pushing off those tiny ones I think like like Luxembourg and",1
761,5f1f2cf5a441a30fa1b79b2d,1487.24,1487.59,or like,I'll,1
762,5ec8a23062738338f917576a,1487.39,1487.96,be right.,or like,1
763,5f1f2cf5a441a30fa1b79b2d,1487.6,1491.47,"Liechtenstein or something. Like the one, the weird ones that you never hear of like",be right.,2
764,5ec8a23062738338f917576a,1490.94,1491.77,Yeah.,"Liechtenstein or something. Like the one, the weird ones that you never hear of like",1
765,5f1f2cf5a441a30fa1b79b2d,1491.48,1494.05,the high in the tiny countries.,Yeah.,1
766,5ec8a23062738338f917576a,1493.64,1499.22,Yeah. I remember reading about Luxembourg and it was like the richest per capita or something and I was like,the high in the tiny countries.,2
767,5f1f2cf5a441a30fa1b79b2d,1498.74,1499.13,Oh it is,Yeah. I remember reading about Luxembourg and it was like the richest per capita or something and I was like,1
768,5ec8a23062738338f917576a,1499.23,1503.37,whoa! At a certain point probably now it's different but I was,Oh it is,2
769,5f1f2cf5a441a30fa1b79b2d,1503.34,1503.76,right.,whoa! At a certain point probably now it's different but I was,1
770,5ec8a23062738338f917576a,1503.37,1505.57,like years ago and I was,right.,2
771,5f1f2cf5a441a30fa1b79b2d,1505.54,1505.95,Yeah.,like years ago and I was,1
772,5ec8a23062738338f917576a,1505.57,1507.67,"like, oh my God, what they have there?",Yeah.,2
773,5f1f2cf5a441a30fa1b79b2d,1508.44,1508.94,Yeah.,"like, oh my God, what they have there?",1
774,5ec8a23062738338f917576a,1508.64,1508.85,Oh,Yeah.,1
775,5f1f2cf5a441a30fa1b79b2d,1508.94,1510.86,I don't know what that was.,Oh,1
776,5ec8a23062738338f917576a,1511.44,1511.94,yeah.,I don't know what that was.,1
777,5f1f2cf5a441a30fa1b79b2d,1512.54,1517.17,"They're not really, I can't think of anything that particularly known for. Yeah.",yeah.,1
778,5ec8a23062738338f917576a,1517.24,1519.82,"Yeah, that's all I know about it. Is that one thing","They're not really, I can't think of anything that particularly known for. Yeah.",1
779,5f1f2cf5a441a30fa1b79b2d,1519.74,1519.94,Yeah.,"Yeah, that's all I know about it. Is that one thing",1
780,5ec8a23062738338f917576a,1519.82,1523.73,"I read in like my textbook in like 8th grade, so",Yeah.,2
781,5f1f2cf5a441a30fa1b79b2d,1523.34,1523.54,"Yeah,","I read in like my textbook in like 8th grade, so",1
782,5ec8a23062738338f917576a,1523.74,1526.39,probably nobody. Okay. I think,"Yeah,",1
783,5f1f2cf5a441a30fa1b79b2d,1526.24,1526.65,Yeah.,probably nobody. Okay. I think,1
784,5ec8a23062738338f917576a,1526.39,1528.84,we're 25 minutes. But,Yeah.,1
785,5f1f2cf5a441a30fa1b79b2d,1528.64,1529.45,Uh,we're 25 minutes. But,1
786,5ec8a23062738338f917576a,1528.84,1530.79,it was good to meet you. Yeah.,Uh,1
787,5f1f2cf5a441a30fa1b79b2d,1530.24,1530.98,That's very,it was good to meet you. Yeah.,1
788,5ec8a23062738338f917576a,1530.8,1531.11,I hope,That's very,1
789,5f1f2cf5a441a30fa1b79b2d,1530.99,1531.35,"good,",I hope,1
790,5ec8a23062738338f917576a,1531.11,1534.55,you get settled in at your new apartment and everything. But,"good,",2
791,5f1f2cf5a441a30fa1b79b2d,1534.44,1535.77,"thank you very much,",you get settled in at your new apartment and everything. But,1
792,5ec8a23062738338f917576a,1535.24,1535.92,thanks to me,"thank you very much,",1
793,5f1f2cf5a441a30fa1b79b2d,1535.78,1536.45,"yeah,",thanks to me,1
794,5ec8a23062738338f917576a,1535.93,1536.56,all right.,"yeah,",1
